fullName,userName,email,password,roleId
seMXM TzKUF,semxmtzkuf1,semxm.tzkuf@example.com,lPJt?Qvu,1
wkrWL KiLKz,wkrwlkilkz2,wkrwl.kilkz@example.com,Wn4}+>(#$YE,2
DkQbI XWixw,dkqbixwixw3,dkqbi.xwixw@example.com,4A{1\kksdR`n,3
POUwv fsgpW,pouwvfsgpw4,pouwv.fsgpw@example.com,}c:lTOzyh^_,4
lKvEO pPbMJ,lkveoppbmj5,lkveo.ppbmj@example.com,9Oj2/rFp9$,5
EgoHe Kbzpg,egohekbzpg6,egohe.kbzpg@example.com,;dg>[;/`c-,6
VdgKn AKLPb,vdgknaklpb7,vdgkn.aklpb@example.com,g9buO*#aHtG,7
jYhgY NmUez,jyhgynmuez8,jyhgy.nmuez@example.com,"""PCwB:/9N",8
qWxjF uinxT,qwxjfuinxt9,qwxjf.uinxt@example.com,Z*?%'!QL[,9
Bkkmu YQrBE,bkkmuyqrbe10,bkkmu.yqrbe@example.com,k/coF}G@r'{o,10
lLTfI MnXNe,lltfimnxne11,lltfi.mnxne@example.com,"AF0,}DO2sF",11
VsSdx BOHnj,vssdxbohnj12,vssdx.bohnj@example.com,6+V'a%QR@9.,12
TzvLd JOxlf,tzvldjoxlf13,tzvld.joxlf@example.com,>YAjJEoV$0,13
WBpbT IHphf,wbpbtihphf14,wbpbt.ihphf@example.com,".~U}$""y`",14
aaNiq DykkT,aaniqdykkt15,aaniq.dykkt@example.com,(b.=v-_T?,15
BnAiE Qugsk,bnaiequgsk16,bnaie.qugsk@example.com,"4K(l[35R,yr",16
rhpmh KTSdQ,rhpmhktsdq17,rhpmh.ktsdq@example.com,G9M:tpx%,17
xvJPX JnlUz,xvjpxjnluz18,xvjpx.jnluz@example.com,?{r2?hx*ppJ,18
sieKE PmOUe,siekepmoue19,sieke.pmoue@example.com,?s*t2Jg=nT,19
rfBfa jVkUL,rfbfajvkul20,rfbfa.jvkul@example.com,B5]8.Q44*zA,20
iGUGe qMgsz,igugeqmgsz21,iguge.qmgsz@example.com,r1{QDnZI,21
IZJnO TlhkX,izjnotlhkx22,izjno.tlhkx@example.com,/[c'TC4xt5K,22
bylPV IpcAL,bylpvipcal23,bylpv.ipcal@example.com,^4l\kg.Q,23
PRVcu gZQim,prvcugzqim24,prvcu.gzqim@example.com,4&rF7m}m-,24
sqnuG oNXVJ,sqnugonxvj25,sqnug.onxvj@example.com,a&9:8VKz[#)\,25
qyjNC BPbrC,qyjncbpbrc26,qyjnc.bpbrc@example.com,"f""U+^""jz2T36",26
XGEYM HOreX,xgeymhorex27,xgeym.horex@example.com,MA)~1d9Gur,27
RSVRR yOuOA,rsvrryouoa28,rsvrr.youoa@example.com,db+oQ!K9%8,28
RzKGJ wNOMd,rzkgjwnomd29,rzkgj.wnomd@example.com,DA9W8T`H,29
Ncatx JcsqW,ncatxjcsqw30,ncatx.jcsqw@example.com,}EgitLp_T,30
Cpveq nXbYk,cpveqnxbyk31,cpveq.nxbyk@example.com,%zN~pY[oH,31
VXKWl bIsbs,vxkwlbisbs32,vxkwl.bisbs@example.com,*x6-D@qNb,32
nSPQl IxQPd,nspqlixqpd33,nspql.ixqpd@example.com,A5Q?e=XYc5e,33
BHmAK wBkDG,bhmakwbkdg34,bhmak.wbkdg@example.com,]8Jx!f?XQKf[,34
WYcGX xIIYU,wycgxxiiyu35,wycgx.xiiyu@example.com,9wJQT.FF,35
sZQkE ubvtW,szqkeubvtw36,szqke.ubvtw@example.com,kk4=ffKL1I,36
VJdze XWQDE,vjdzexwqde37,vjdze.xwqde@example.com,/k\WQ#;I[]j),37
VMHlP aorKU,vmhlpaorku38,vmhlp.aorku@example.com,d!X#j+Ibt2:},38
QhUxy ZsptE,qhuxyzspte39,qhuxy.zspte@example.com,oer(Rb8&/c,39
ZHxZG UNgBP,zhxzgungbp40,zhxzg.ungbp@example.com,"N""9![P_*$%Wy",40
evfsZ BQBMa,evfszbqbma41,evfsz.bqbma@example.com,SITx3Dir!X;j,41
DKbNy arhmp,dkbnyarhmp42,dkbny.arhmp@example.com,K<-P464jol,42
aGZdv BrDIY,agzdvbrdiy43,agzdv.brdiy@example.com,lH7fMS8NwMhK,43
IgRmg VLqkQ,igrmgvlqkq44,igrmg.vlqkq@example.com,"""/RBeca&Ggq",44
WIHoJ vGNjn,wihojvgnjn45,wihoj.vgnjn@example.com,Q5J)D*}@Q4>,45
XJgDb cmUhy,xjgdbcmuhy46,xjgdb.cmuhy@example.com,g4\U%Po+16,46
qUuMk UFEHV,quumkufehv47,quumk.ufehv@example.com,")CGi-""6)SN@",47
gozwg YxkSv,gozwgyxksv48,gozwg.yxksv@example.com,"A,3U8y?R",48
VDfLn kwgeH,vdflnkwgeh49,vdfln.kwgeh@example.com,r0.(exgfq~,49
PLfTX VPXyV,plftxvpxyv50,plftx.vpxyv@example.com,!mA=_ei\),50
QCKCc gSYMT,qckccgsymt51,qckcc.gsymt@example.com,Q=)^+$jfdU,51
PpDoi AbvcS,ppdoiabvcs52,ppdoi.abvcs@example.com,33gQ*p07,52
sTJYc Avzuk,stjycavzuk53,stjyc.avzuk@example.com,M&.XRTc:j>',53
txyoH gheUQ,txyohgheuq54,txyoh.gheuq@example.com,%.E/B.QT,54
jQdDV grxvC,jqddvgrxvc55,jqddv.grxvc@example.com,T)%B0>4'v,55
fOlnF AeCjq,folnfaecjq56,folnf.aecjq@example.com,Ew'&Al4D;i,56
PDObd RAgtg,pdobdragtg57,pdobd.ragtg@example.com,"?p""=9""|)",57
biFah pXHjy,bifahpxhjy58,bifah.pxhjy@example.com,&k8@WS@*{,58
DuLMK YeZOK,dulmkyezok59,dulmk.yezok@example.com,4_6ph-CqErd+,59
hoSsS xJSTK,hosssxjstk60,hosss.xjstk@example.com,By.IEZ;N]\z,60
UHbxT qzfiT,uhbxtqzfit61,uhbxt.qzfit@example.com,"3,%ZC4B50\""h",61
Fkbfw XVIaO,fkbfwxviao62,fkbfw.xviao@example.com,9A6Xaf`9EZ*,62
vpjfK AsfWf,vpjfkasfwf63,vpjfk.asfwf@example.com,D%QZ/&|;L,63
sDqJG VTpgt,sdqjgvtpgt64,sdqjg.vtpgt@example.com,']TzU3(BE;M>,64
XDcRw LWyqm,xdcrwlwyqm65,xdcrw.lwyqm@example.com,"Qe""-9ZUm",65
tfEzP vdOOR,tfezpvdoor66,tfezp.vdoor@example.com,.+h}kM<+Ftp.,66
NlBQA IrctA,nlbqaircta67,nlbqa.ircta@example.com,B!9{8.s7b0~,67
aRedM LBNdF,aredmlbndf68,aredm.lbndf@example.com,pWFxfh%<;%,68
ChPVH KzXko,chpvhkzxko69,chpvh.kzxko@example.com,>=el+=tb\FWt,69
cGaYi BDVxc,cgayibdvxc70,cgayi.bdvxc@example.com,W|fsiFQgaxA,70
cYEHt dSxdK,cyehtdsxdk71,cyeht.dsxdk@example.com,1f]t7Y(a~,71
ChxEB saSGj,chxebsasgj72,chxeb.sasgj@example.com,ulk6=7PATl;-,72
mFOon HzwyW,mfoonhzwyw73,mfoon.hzwyw@example.com,zVkFf;cjt,73
dfwOn MRkne,dfwonmrkne74,dfwon.mrkne@example.com,Y[~%-?%`Gl^,74
MXMLR TVwcx,mxmlrtvwcx75,mxmlr.tvwcx@example.com,F%:y+@{$y,75
kkWMV qEFDU,kkwmvqefdu76,kkwmv.qefdu@example.com,e8bg&B31rX,76
IdcXD GvaEb,idcxdgvaeb77,idcxd.gvaeb@example.com,J7C4:D]QA,77
mqXKN aUkgP,mqxknaukgp78,mqxkn.aukgp@example.com,ZM'Lu];;z,78
nYiUH NVqow,nyiuhnvqow79,nyiuh.nvqow@example.com,YB=F)s09,79
WobtG lOmCD,wobtglomcd80,wobtg.lomcd@example.com,v@ACL;w\},80
SdhwC ZdmLy,sdhwczdmly81,sdhwc.zdmly@example.com,l'q+7I\HT,81
aapgS dVcLR,aapgsdvclr82,aapgs.dvclr@example.com,"xI$sW8Y*9""6D",82
nKsuj rORpH,nksujrorph83,nksuj.rorph@example.com,"_,?I(0ecxm,s",83
ZjMbj kRmbe,zjmbjkrmbe84,zjmbj.krmbe@example.com,|Ib!}X-ZE,84
AUzTs gWupp,auztsgwupp85,auzts.gwupp@example.com,0A}+FotJ,85
YPRRV FbHEr,yprrvfbher86,yprrv.fbher@example.com,'iCu]ze:|c#,86
BfZMI JGELP,bfzmijgelp87,bfzmi.jgelp@example.com,5s~|NH=(G#MT,87
LzEqY eWxtr,lzeqyewxtr88,lzeqy.ewxtr@example.com,8WI[mh8c,88
LCDhb QzUTx,lcdhbqzutx89,lcdhb.qzutx@example.com,V)y_OMXUZy,89
wuwBV jajoC,wuwbvjajoc90,wuwbv.jajoc@example.com,U[Mq=Pmtc5,90
JMdiq cfFDF,jmdiqcffdf91,jmdiq.cffdf@example.com,xuzSJOFe}qe,91
HdrGl NGfvW,hdrglngfvw92,hdrgl.ngfvw@example.com,$gS=E`c#|[,92
kaGgj SVrkl,kaggjsvrkl93,kaggj.svrkl@example.com,$=+m2<D#,93
NHjTa nYSjo,nhjtanysjo94,nhjta.nysjo@example.com,y0G[S8Z/,94
AuCdl KVkbn,aucdlkvkbn95,aucdl.kvkbn@example.com,=0{XmHSo<,95
IBoSh EFzds,iboshefzds96,ibosh.efzds@example.com,"D)QARbIe#,-",96
sNLVJ IzMHl,snlvjizmhl97,snlvj.izmhl@example.com,~6Jai!j^,97
UmuPm SnaGs,umupmsnags98,umupm.snags@example.com,m?4{w]9w,98
imKnp SjZzO,imknpsjzzo99,imknp.sjzzo@example.com,"Y""?M.c1YhHa",99
OKhtH tbGLK,okhthtbglk100,okhth.tbglk@example.com,p1[5)n}u,100
1710192202302,531,HTTP Request,400,Bad Request,test1 3-1,text,false,,547,318,11,24,https://localhost:7221/api/v1/User/register,531,0,19
1710192207248,4906,HTTP Request,400,Bad Request,test1 3-100,text,false,,547,326,100,290,https://localhost:7221/api/v1/User/register,4906,0,4617
1710192212154,3496,HTTP Request,400,Bad Request,test1 3-100,text,false,,547,326,100,324,https://localhost:7221/api/v1/User/register,3496,0,0
1710192202849,12945,HTTP Request,200,OK,test1 3-12,text,true,,393,331,99,323,https://localhost:7221/api/v1/User/register,12945,0,777
1710192202648,13146,HTTP Request,500,Internal Server Error,test1 3-8,text,false,,356,328,99,323,https://localhost:7221/api/v1/User/register,13146,0,978
1710192204097,11713,HTTP Request,200,OK,test1 3-37,text,true,,393,331,99,323,https://localhost:7221/api/v1/User/register,11713,0,1401
1710192202897,12913,HTTP Request,200,OK,test1 3-13,text,true,,393,331,99,323,https://localhost:7221/api/v1/User/register,12913,0,869
1710192202499,13311,HTTP Request,200,OK,test1 3-5,text,true,,389,328,99,323,https://localhost:7221/api/v1/User/register,13311,0,1105
1710192202697,13113,HTTP Request,500,Internal Server Error,test1 3-9,text,false,,356,328,99,323,https://localhost:7221/api/v1/User/register,13113,0,907
1710192202834,12976,HTTP Request,200,OK,test1 3-1,text,true,,393,331,99,323,https://localhost:7221/api/v1/User/register,12976,0,0
1710192202747,15114,HTTP Request,200,OK,test1 3-10,text,true,,389,328,98,342,https://localhost:7221/api/v1/User/register,15114,0,863
1710192202557,15304,HTTP Request,200,OK,test1 3-6,text,true,,389,328,98,342,https://localhost:7221/api/v1/User/register,15304,0,1053
1710192202351,15511,HTTP Request,500,Internal Server Error,test1 3-2,text,false,,356,328,98,341,https://localhost:7221/api/v1/User/register,15511,0,17
1710192202947,14915,HTTP Request,200,OK,test1 3-14,text,true,,393,331,98,341,https://localhost:7221/api/v1/User/register,14915,0,981
1710192203198,15683,HTTP Request,200,OK,test1 3-19,text,true,,393,331,98,352,https://localhost:7221/api/v1/User/register,15683,0,758
1710192202799,16082,HTTP Request,200,OK,test1 3-11,text,true,,393,331,98,352,https://localhost:7221/api/v1/User/register,16082,0,811
1710192202597,16284,HTTP Request,500,Internal Server Error,test1 3-7,text,false,,356,328,98,352,https://localhost:7221/api/v1/User/register,16284,0,1013
1710192204597,14284,HTTP Request,200,OK,test1 3-47,text,true,,393,331,98,352,https://localhost:7221/api/v1/User/register,14284,0,904
1710192202997,15885,HTTP Request,200,OK,test1 3-15,text,true,,393,331,98,352,https://localhost:7221/api/v1/User/register,15885,0,905
1710192202398,16484,HTTP Request,500,Internal Server Error,test1 3-3,text,false,,356,328,98,352,https://localhost:7221/api/v1/User/register,16484,0,15
1710192204797,14086,HTTP Request,200,OK,test1 3-51,text,true,,393,331,98,352,https://localhost:7221/api/v1/User/register,14086,0,798
1710192202449,25741,HTTP Request,500,Internal Server Error,test1 3-4,text,false,,356,328,98,416,https://localhost:7221/api/v1/User/register,25741,0,1133
1710192203047,25145,HTTP Request,200,OK,test1 3-16,text,true,,393,331,98,416,https://localhost:7221/api/v1/User/register,25145,0,865
1710192203648,24546,HTTP Request,200,OK,test1 3-28,text,true,,393,331,98,415,https://localhost:7221/api/v1/User/register,24545,0,1531
1710192203447,26293,HTTP Request,200,OK,test1 3-24,text,true,,393,331,98,422,https://localhost:7221/api/v1/User/register,26293,0,1727
1710192203846,25894,HTTP Request,200,OK,test1 3-32,text,true,,393,331,98,422,https://localhost:7221/api/v1/User/register,25894,0,1586
1710192215794,13948,HTTP Request,400,Bad Request,test1 3-8,text,false,,547,326,98,422,https://localhost:7221/api/v1/User/register,13948,0,0
1710192204447,25295,HTTP Request,200,OK,test1 3-44,text,true,,393,331,98,422,https://localhost:7221/api/v1/User/register,25295,0,1052
1710192203097,29376,HTTP Request,200,OK,test1 3-17,text,true,,393,331,97,434,https://localhost:7221/api/v1/User/register,29376,0,825
1710192203297,29176,HTTP Request,200,OK,test1 3-21,text,true,,393,331,97,434,https://localhost:7221/api/v1/User/register,29176,0,1885
1710192203497,28976,HTTP Request,200,OK,test1 3-25,text,true,,393,331,97,434,https://localhost:7221/api/v1/User/register,28976,0,1686
1710192215810,16664,HTTP Request,400,Bad Request,test1 3-9,text,false,,547,326,97,434,https://localhost:7221/api/v1/User/register,16664,0,0
1710192204696,27779,HTTP Request,200,OK,test1 3-49,text,true,,393,331,96,433,https://localhost:7221/api/v1/User/register,27779,0,875
1710192203397,29105,HTTP Request,200,OK,test1 3-23,text,true,,393,331,96,433,https://localhost:7221/api/v1/User/register,29105,0,559
1710192203998,28505,HTTP Request,200,OK,test1 3-35,text,true,,393,331,96,433,https://localhost:7221/api/v1/User/register,28505,0,1503
1710192204397,28110,HTTP Request,200,OK,test1 3-43,text,true,,393,331,96,433,https://localhost:7221/api/v1/User/register,28110,0,1104
1710192218881,13633,HTTP Request,400,Bad Request,test1 3-7,text,false,,547,325,96,432,https://localhost:7221/api/v1/User/register,13633,0,0
1710192203599,28915,HTTP Request,200,OK,test1 3-27,text,true,,393,331,95,431,https://localhost:7221/api/v1/User/register,28915,0,1578
1710192204198,28316,HTTP Request,200,OK,test1 3-39,text,true,,393,331,95,431,https://localhost:7221/api/v1/User/register,28316,0,1310
1710192218883,13632,HTTP Request,400,Bad Request,test1 3-3,text,false,,547,325,95,431,https://localhost:7221/api/v1/User/register,13632,0,0
1710192203148,29370,HTTP Request,200,OK,test1 3-18,text,true,,393,331,94,430,https://localhost:7221/api/v1/User/register,29370,0,780
1710192203349,29169,HTTP Request,200,OK,test1 3-22,text,true,,393,331,94,430,https://localhost:7221/api/v1/User/register,29169,0,1944
1710192204349,28170,HTTP Request,200,OK,test1 3-42,text,true,,393,331,94,430,https://localhost:7221/api/v1/User/register,28170,0,1149
1710192204547,27978,HTTP Request,200,OK,test1 3-46,text,true,,393,331,94,430,https://localhost:7221/api/v1/User/register,27978,0,951
1710192217862,14664,HTTP Request,400,Bad Request,test1 3-2,text,false,,547,326,94,430,https://localhost:7221/api/v1/User/register,14664,0,0
1710192204248,44401,HTTP Request,200,OK,test1 3-40,text,true,,393,331,93,454,https://localhost:7221/api/v1/User/register,44401,0,1253
1710192204848,43808,HTTP Request,500,Internal Server Error,test1 3-52,text,false,,458,331,93,454,https://localhost:7221/api/v1/User/register,43807,0,758
1710192228190,20466,HTTP Request,400,Bad Request,test1 3-4,text,false,,547,325,93,454,https://localhost:7221/api/v1/User/register,20466,0,0
1710192204646,44175,HTTP Request,200,OK,test1 3-48,text,true,,393,331,92,452,https://localhost:7221/api/v1/User/register,44175,0,853
1710192205246,43590,HTTP Request,500,Internal Server Error,test1 3-60,text,false,,458,331,92,452,https://localhost:7221/api/v1/User/register,43590,0,535
1710192205453,43384,HTTP Request,500,Internal Server Error,test1 3-64,text,false,,458,331,92,452,https://localhost:7221/api/v1/User/register,43384,0,385
1710192205847,42990,HTTP Request,500,Internal Server Error,test1 3-72,text,false,,458,331,92,452,https://localhost:7221/api/v1/User/register,42990,0,42
1710192205647,43191,HTTP Request,500,Internal Server Error,test1 3-68,text,false,,458,331,92,452,https://localhost:7221/api/v1/User/register,43191,0,240
1710192205096,44410,HTTP Request,500,Internal Server Error,test1 3-57,text,false,,458,331,92,452,https://localhost:7221/api/v1/User/register,44410,0,537
1710192205303,44203,HTTP Request,500,Internal Server Error,test1 3-61,text,false,,458,331,92,452,https://localhost:7221/api/v1/User/register,44203,0,482
1710192203699,45807,HTTP Request,500,Internal Server Error,test1 3-29,text,false,,458,331,92,452,https://localhost:7221/api/v1/User/register,45807,0,1595
1710192204497,45009,HTTP Request,500,Internal Server Error,test1 3-45,text,false,,458,331,92,452,https://localhost:7221/api/v1/User/register,45009,0,1001
1710192203896,45610,HTTP Request,500,Internal Server Error,test1 3-33,text,false,,458,331,92,452,https://localhost:7221/api/v1/User/register,45610,0,1563
1710192205497,44010,HTTP Request,500,Internal Server Error,test1 3-65,text,false,,458,331,92,452,https://localhost:7221/api/v1/User/register,44010,0,358
1710192204298,45209,HTTP Request,500,Internal Server Error,test1 3-41,text,false,,458,331,92,452,https://localhost:7221/api/v1/User/register,45209,0,1200
1710192205896,43611,HTTP Request,500,Internal Server Error,test1 3-73,text,false,,458,331,92,452,https://localhost:7221/api/v1/User/register,43611,0,22
1710192205698,43809,HTTP Request,500,Internal Server Error,test1 3-69,text,false,,458,331,92,452,https://localhost:7221/api/v1/User/register,43809,0,178
1710192205147,44374,HTTP Request,500,Internal Server Error,test1 3-58,text,false,,458,331,92,452,https://localhost:7221/api/v1/User/register,44374,0,634
1710192203748,45774,HTTP Request,500,Internal Server Error,test1 3-30,text,false,,458,331,92,452,https://localhost:7221/api/v1/User/register,45774,0,1545
1710192203948,45574,HTTP Request,500,Internal Server Error,test1 3-34,text,false,,458,331,92,452,https://localhost:7221/api/v1/User/register,45574,0,1551
1710192203547,45975,HTTP Request,500,Internal Server Error,test1 3-26,text,false,,458,331,92,452,https://localhost:7221/api/v1/User/register,45975,0,1746
1710192204147,45376,HTTP Request,500,Internal Server Error,test1 3-38,text,false,,458,331,92,452,https://localhost:7221/api/v1/User/register,45376,0,1351
1710192205346,44177,HTTP Request,500,Internal Server Error,test1 3-62,text,false,,458,331,92,452,https://localhost:7221/api/v1/User/register,44177,0,471
1710192205549,43974,HTTP Request,500,Internal Server Error,test1 3-66,text,false,,458,331,92,452,https://localhost:7221/api/v1/User/register,43974,0,304
1710192205748,43775,HTTP Request,500,Internal Server Error,test1 3-70,text,false,,458,331,92,452,https://localhost:7221/api/v1/User/register,43775,0,141
1710192205947,43577,HTTP Request,500,Internal Server Error,test1 3-74,text,false,,458,331,92,452,https://localhost:7221/api/v1/User/register,43577,0,17
1710192205196,44342,HTTP Request,500,Internal Server Error,test1 3-59,text,false,,458,331,92,450,https://localhost:7221/api/v1/User/register,44342,0,580
1710192203797,45741,HTTP Request,500,Internal Server Error,test1 3-31,text,false,,458,331,92,450,https://localhost:7221/api/v1/User/register,45741,0,1635
1710192205597,43942,HTTP Request,500,Internal Server Error,test1 3-67,text,false,,458,331,92,450,https://localhost:7221/api/v1/User/register,43942,0,335
1710192205797,43742,HTTP Request,500,Internal Server Error,test1 3-71,text,false,,458,331,92,450,https://localhost:7221/api/v1/User/register,43742,0,148
1710192205997,43563,HTTP Request,500,Internal Server Error,test1 3-75,text,false,,458,331,92,450,https://localhost:7221/api/v1/User/register,43563,0,14
1710192205397,44163,HTTP Request,500,Internal Server Error,test1 3-63,text,false,,458,331,92,450,https://localhost:7221/api/v1/User/register,44163,0,428
1710192248656,6803,HTTP Request,400,Bad Request,test1 3-52,text,false,,547,324,92,459,https://localhost:7221/api/v1/User/register,6803,0,0
1710192204047,51728,HTTP Request,200,OK,test1 3-36,text,true,,393,331,91,454,https://localhost:7221/api/v1/User/register,51724,0,1452
1710192203250,52525,HTTP Request,200,OK,test1 3-20,text,true,,393,331,91,454,https://localhost:7221/api/v1/User/register,52525,0,1924
1710192205046,50730,HTTP Request,200,OK,test1 3-56,text,true,,393,331,91,454,https://localhost:7221/api/v1/User/register,50730,0,584
1710192248836,6954,HTTP Request,400,Bad Request,test1 3-60,text,false,,547,324,91,454,https://localhost:7221/api/v1/User/register,6954,0,0
1710192248837,6953,HTTP Request,400,Bad Request,test1 3-64,text,false,,547,324,91,454,https://localhost:7221/api/v1/User/register,6953,0,0
1710192248838,6953,HTTP Request,400,Bad Request,test1 3-68,text,false,,547,324,91,454,https://localhost:7221/api/v1/User/register,6953,0,0
1710192248838,6953,HTTP Request,400,Bad Request,test1 3-72,text,false,,547,324,88,451,https://localhost:7221/api/v1/User/register,6953,0,0
1710192204897,52326,HTTP Request,200,OK,test1 3-53,text,true,,393,331,87,447,https://localhost:7221/api/v1/User/register,52326,0,721
1710192206697,50530,HTTP Request,500,Internal Server Error,test1 3-89,text,false,,458,331,87,447,https://localhost:7221/api/v1/User/register,50530,0,5120
1710192249506,7726,HTTP Request,400,Bad Request,test1 3-61,text,false,,547,324,87,446,https://localhost:7221/api/v1/User/register,7726,0,0
1710192249506,7726,HTTP Request,400,Bad Request,test1 3-57,text,false,,547,324,87,446,https://localhost:7221/api/v1/User/register,7726,0,0
1710192249506,7726,HTTP Request,400,Bad Request,test1 3-29,text,false,,547,324,86,445,https://localhost:7221/api/v1/User/register,7726,0,0
1710192249506,7726,HTTP Request,400,Bad Request,test1 3-45,text,false,,547,324,86,445,https://localhost:7221/api/v1/User/register,7726,0,0
1710192249507,7726,HTTP Request,400,Bad Request,test1 3-33,text,false,,547,324,83,442,https://localhost:7221/api/v1/User/register,7726,0,0
1710192249507,7726,HTTP Request,400,Bad Request,test1 3-65,text,false,,547,324,83,442,https://localhost:7221/api/v1/User/register,7726,0,0
1710192249511,7723,HTTP Request,400,Bad Request,test1 3-41,text,false,,547,324,81,440,https://localhost:7221/api/v1/User/register,7723,0,0
1710192249511,7725,HTTP Request,400,Bad Request,test1 3-73,text,false,,547,324,80,439,https://localhost:7221/api/v1/User/register,7725,0,0
1710192249512,7724,HTTP Request,400,Bad Request,test1 3-69,text,false,,547,324,80,439,https://localhost:7221/api/v1/User/register,7724,0,0
1710192204946,52341,HTTP Request,200,OK,test1 3-54,text,true,,393,331,78,437,https://localhost:7221/api/v1/User/register,52341,0,683
1710192204746,52541,HTTP Request,200,OK,test1 3-50,text,true,,393,331,78,437,https://localhost:7221/api/v1/User/register,52541,0,832
1710192249522,7769,HTTP Request,400,Bad Request,test1 3-58,text,false,,547,324,78,436,https://localhost:7221/api/v1/User/register,7769,0,0
1710192249522,7770,HTTP Request,400,Bad Request,test1 3-30,text,false,,547,324,77,435,https://localhost:7221/api/v1/User/register,7770,0,0
1710192249522,7770,HTTP Request,400,Bad Request,test1 3-34,text,false,,547,324,76,434,https://localhost:7221/api/v1/User/register,7770,0,0
1710192249522,7771,HTTP Request,400,Bad Request,test1 3-26,text,false,,547,324,75,433,https://localhost:7221/api/v1/User/register,7771,0,0
1710192249523,7770,HTTP Request,400,Bad Request,test1 3-38,text,false,,547,324,74,432,https://localhost:7221/api/v1/User/register,7770,0,0
1710192249523,7770,HTTP Request,400,Bad Request,test1 3-62,text,false,,547,324,73,431,https://localhost:7221/api/v1/User/register,7770,0,0
1710192249523,7771,HTTP Request,400,Bad Request,test1 3-66,text,false,,547,324,72,430,https://localhost:7221/api/v1/User/register,7771,0,0
1710192249523,7771,HTTP Request,400,Bad Request,test1 3-70,text,false,,547,324,71,429,https://localhost:7221/api/v1/User/register,7771,0,0
1710192249524,7771,HTTP Request,400,Bad Request,test1 3-74,text,false,,547,324,70,428,https://localhost:7221/api/v1/User/register,7771,0,0
1710192249560,7793,HTTP Request,400,Bad Request,test1 3-75,text,false,,547,325,69,425,https://localhost:7221/api/v1/User/register,7793,0,0
1710192249560,7796,HTTP Request,400,Bad Request,test1 3-63,text,false,,547,324,68,424,https://localhost:7221/api/v1/User/register,7796,0,0
1710192204996,52369,HTTP Request,200,OK,test1 3-55,text,true,,393,331,67,419,https://localhost:7221/api/v1/User/register,52369,0,634
1710192249538,7831,HTTP Request,400,Bad Request,test1 3-59,text,false,,547,324,67,419,https://localhost:7221/api/v1/User/register,7831,0,0
1710192249538,7834,HTTP Request,400,Bad Request,test1 3-31,text,false,,547,324,66,418,https://localhost:7221/api/v1/User/register,7834,0,0
1710192249539,7834,HTTP Request,400,Bad Request,test1 3-67,text,false,,547,324,65,417,https://localhost:7221/api/v1/User/register,7834,0,0
1710192249539,7835,HTTP Request,400,Bad Request,test1 3-71,text,false,,547,324,64,416,https://localhost:7221/api/v1/User/register,7835,0,0
1710192257226,1181,HTTP Request,400,Bad Request,test1 3-89,text,false,,547,324,63,414,https://localhost:7221/api/v1/User/register,1181,0,0
1710192206747,51891,HTTP Request,200,OK,test1 3-90,text,true,,393,331,62,411,https://localhost:7221/api/v1/User/register,51891,0,3849
1710192206447,54103,HTTP Request,200,OK,test1 3-84,text,true,,393,331,62,412,https://localhost:7221/api/v1/User/register,54103,0,4179
1710192206847,53703,HTTP Request,200,OK,test1 3-92,text,true,,393,331,62,412,https://localhost:7221/api/v1/User/register,53703,0,3779
1710192206246,54316,HTTP Request,200,OK,test1 3-80,text,true,,393,331,62,412,https://localhost:7221/api/v1/User/register,54316,0,4380
1710192206648,53925,HTTP Request,200,OK,test1 3-88,text,true,,393,331,62,403,https://localhost:7221/api/v1/User/register,53925,0,3750
1710192206047,54526,HTTP Request,200,OK,test1 3-76,text,true,,393,331,62,403,https://localhost:7221/api/v1/User/register,54526,0,4351
1710192206096,56946,HTTP Request,200,OK,test1 3-77,text,true,,393,331,62,405,https://localhost:7221/api/v1/User/register,56946,0,4276
1710192206497,56545,HTTP Request,200,OK,test1 3-85,text,true,,393,331,62,405,https://localhost:7221/api/v1/User/register,56545,0,3876
1710192206898,56145,HTTP Request,200,OK,test1 3-93,text,true,,393,331,62,405,https://localhost:7221/api/v1/User/register,56145,0,3475
1710192206298,56745,HTTP Request,200,OK,test1 3-81,text,true,,393,331,62,405,https://localhost:7221/api/v1/User/register,56745,0,4074
1710192206198,57594,HTTP Request,200,OK,test1 3-79,text,true,,393,331,62,399,https://localhost:7221/api/v1/User/register,57594,0,4408
1710192206397,57395,HTTP Request,200,OK,test1 3-83,text,true,,393,331,62,399,https://localhost:7221/api/v1/User/register,57395,0,4209
1710192206997,56795,HTTP Request,200,OK,test1 3-95,text,true,,393,331,62,399,https://localhost:7221/api/v1/User/register,56795,0,3609
1710192206797,56996,HTTP Request,200,OK,test1 3-91,text,true,,393,331,62,399,https://localhost:7221/api/v1/User/register,56996,0,3809
1710192206348,57559,HTTP Request,200,OK,test1 3-82,text,true,,393,331,62,397,https://localhost:7221/api/v1/User/register,57559,0,4248
1710192206149,57758,HTTP Request,200,OK,test1 3-78,text,true,,393,331,62,397,https://localhost:7221/api/v1/User/register,57758,0,4447
1710192206948,56959,HTTP Request,200,OK,test1 3-94,text,true,,393,331,62,397,https://localhost:7221/api/v1/User/register,56959,0,3649
1710192207147,56760,HTTP Request,200,OK,test1 3-98,text,true,,393,331,62,397,https://localhost:7221/api/v1/User/register,56760,0,3450
1710192206548,57359,HTTP Request,200,OK,test1 3-86,text,true,,393,331,62,397,https://localhost:7221/api/v1/User/register,57359,0,4048
1710192207198,56711,HTTP Request,200,OK,test1 3-99,text,true,,393,331,62,394,https://localhost:7221/api/v1/User/register,56711,0,3409
1710192206598,57311,HTTP Request,200,OK,test1 3-87,text,true,,393,331,62,394,https://localhost:7221/api/v1/User/register,57311,0,4009
1710192207047,60671,HTTP Request,200,OK,test1 3-96,text,true,,393,331,62,389,https://localhost:7221/api/v1/User/register,60671,0,3579
1710192207097,69388,HTTP Request,200,OK,test1 3-97,text,true,,393,331,62,384,https://localhost:7221/api/v1/User/register,69388,0,4720
1710192267719,34219,HTTP Request,400,Bad Request,test1 3-96,text,false,,547,324,62,365,https://localhost:7221/api/v1/User/register,34219,0,12709
1710192276485,28131,HTTP Request,Non HTTP response code: org.apache.http.NoHttpResponseException,Non HTTP response message: localhost:7221 failed to respond,test1 3-97,text,false,,2091,0,61,363,https://localhost:7221/api/v1/User/register,0,0,24226
1710192218881,173903,HTTP Request,Non HTTP response code: java.net.SocketException,Non HTTP response message: Socket closed,test1 3-11,text,false,,3172,0,60,314,https://localhost:7221/api/v1/User/register,0,0,0
1710192263793,128991,HTTP Request,Non HTTP response code: java.net.SocketException,Non HTTP response message: Socket closed,test1 3-79,text,false,,3172,0,59,313,https://localhost:7221/api/v1/User/register,0,0,0
1710192229740,163044,HTTP Request,Non HTTP response code: java.net.SocketException,Non HTTP response message: Socket closed,test1 3-32,text,false,,3172,0,58,312,https://localhost:7221/api/v1/User/register,0,0,0
1710192263907,128878,HTTP Request,Non HTTP response code: java.net.SocketException,Non HTTP response message: Socket closed,test1 3-86,text,false,,3172,0,57,311,https://localhost:7221/api/v1/User/register,0,0,0
1710192232515,160270,HTTP Request,Non HTTP response code: java.net.SocketException,Non HTTP response message: Socket closed,test1 3-39,text,false,,3172,0,56,310,https://localhost:7221/api/v1/User/register,0,0,0
1710192263907,128878,HTTP Request,Non HTTP response code: java.net.SocketException,Non HTTP response message: Socket closed,test1 3-78,text,false,,3172,0,55,309,https://localhost:7221/api/v1/User/register,0,0,0
1710192232519,160266,HTTP Request,Non HTTP response code: java.net.SocketException,Non HTTP response message: Socket closed,test1 3-42,text,false,,3172,0,54,308,https://localhost:7221/api/v1/User/register,0,0,0
1710192257286,135499,HTTP Request,Non HTTP response code: java.net.SocketException,Non HTTP response message: Socket closed,test1 3-50,text,false,,3172,0,53,307,https://localhost:7221/api/v1/User/register,0,0,0
1710192263043,129743,HTTP Request,Non HTTP response code: java.net.SocketException,Non HTTP response message: Socket closed,test1 3-93,text,false,,3172,0,52,306,https://localhost:7221/api/v1/User/register,0,0,0
1710192257222,135563,HTTP Request,Non HTTP response code: java.net.SocketException,Non HTTP response message: Socket closed,test1 3-53,text,false,,3172,0,51,305,https://localhost:7221/api/v1/User/register,0,0,0
1710192228192,164595,HTTP Request,Non HTTP response code: java.net.SocketException,Non HTTP response message: Socket closed,test1 3-16,text,false,,3172,0,50,304,https://localhost:7221/api/v1/User/register,0,0,0
1710192232473,160314,HTTP Request,Non HTTP response code: java.net.SocketException,Non HTTP response message: Socket closed,test1 3-17,text,false,,3172,0,49,303,https://localhost:7221/api/v1/User/register,0,0,0
1710192255774,137012,HTTP Request,Non HTTP response code: java.net.SocketException,Non HTTP response message: Socket closed,test1 3-20,text,false,,3172,0,48,302,https://localhost:7221/api/v1/User/register,0,0,0
1710192232503,160285,HTTP Request,Non HTTP response code: java.net.SocketException,Non HTTP response message: Socket closed,test1 3-35,text,false,,3172,0,47,301,https://localhost:7221/api/v1/User/register,0,0,0
1710192263043,129745,HTTP Request,Non HTTP response code: java.net.SocketException,Non HTTP response message: Socket closed,test1 3-77,text,false,,3172,0,46,300,https://localhost:7221/api/v1/User/register,0,0,0
1710192217861,174927,HTTP Request,Non HTTP response code: java.net.SocketException,Non HTTP response message: Socket closed,test1 3-10,text,false,,3172,0,45,299,https://localhost:7221/api/v1/User/register,0,0,0
1710192248649,144140,HTTP Request,Non HTTP response code: java.net.SocketException,Non HTTP response message: Socket closed,test1 3-40,text,false,,3172,0,44,298,https://localhost:7221/api/v1/User/register,0,0,0
1710192232475,160314,HTTP Request,Non HTTP response code: java.net.SocketException,Non HTTP response message: Socket closed,test1 3-49,text,false,,3172,0,43,297,https://localhost:7221/api/v1/User/register,0,0,0
1710192263909,128880,HTTP Request,Non HTTP response code: java.net.SocketException,Non HTTP response message: Socket closed,test1 3-99,text,false,,3172,0,42,296,https://localhost:7221/api/v1/User/register,0,0,0
1710192218883,173907,HTTP Request,Non HTTP response code: java.net.SocketException,Non HTTP response message: Socket closed,test1 3-51,text,false,,3172,0,41,295,https://localhost:7221/api/v1/User/register,0,0,0
1710192232473,160317,HTTP Request,Non HTTP response code: java.net.SocketException,Non HTTP response message: Socket closed,test1 3-21,text,false,,3172,0,40,294,https://localhost:7221/api/v1/User/register,0,0,0
1710192215810,176980,HTTP Request,Non HTTP response code: java.net.SocketException,Non HTTP response message: Socket closed,test1 3-37,text,false,,3172,0,39,293,https://localhost:7221/api/v1/User/register,0,0,0
1710192258637,134152,HTTP Request,Non HTTP response code: java.net.SocketException,Non HTTP response message: Socket closed,test1 3-90,text,false,,3172,0,38,292,https://localhost:7221/api/v1/User/register,0,0,0
1710192263793,128998,HTTP Request,Non HTTP response code: java.net.SocketException,Non HTTP response message: Socket closed,test1 3-91,text,false,,3172,0,37,291,https://localhost:7221/api/v1/User/register,0,0,0
1710192232473,160318,HTTP Request,Non HTTP response code: java.net.SocketException,Non HTTP response message: Socket closed,test1 3-25,text,false,,3172,0,36,290,https://localhost:7221/api/v1/User/register,0,0,0
1710192263907,128884,HTTP Request,Non HTTP response code: java.net.SocketException,Non HTTP response message: Socket closed,test1 3-82,text,false,,3172,0,35,289,https://localhost:7221/api/v1/User/register,0,0,0
1710192232502,160290,HTTP Request,Non HTTP response code: java.net.SocketException,Non HTTP response message: Socket closed,test1 3-23,text,false,,3172,0,34,288,https://localhost:7221/api/v1/User/register,0,0,0
1710192217861,174931,HTTP Request,Non HTTP response code: java.net.SocketException,Non HTTP response message: Socket closed,test1 3-6,text,false,,3172,0,33,287,https://localhost:7221/api/v1/User/register,0,0,0
1710192232518,160274,HTTP Request,Non HTTP response code: java.net.SocketException,Non HTTP response message: Socket closed,test1 3-22,text,false,,3172,0,32,286,https://localhost:7221/api/v1/User/register,0,0,0
1710192257364,135428,HTTP Request,Non HTTP response code: java.net.SocketException,Non HTTP response message: Socket closed,test1 3-55,text,false,,3172,0,31,285,https://localhost:7221/api/v1/User/register,0,0,0
1710192228194,164599,HTTP Request,Non HTTP response code: java.net.SocketException,Non HTTP response message: Socket closed,test1 3-28,text,false,,3172,0,30,284,https://localhost:7221/api/v1/User/register,0,0,0
1710192232525,160268,HTTP Request,Non HTTP response code: java.net.SocketException,Non HTTP response message: Socket closed,test1 3-46,text,false,,3172,0,29,283,https://localhost:7221/api/v1/User/register,0,0,0
1710192260562,132232,HTTP Request,Non HTTP response code: java.net.SocketException,Non HTTP response message: Socket closed,test1 3-80,text,false,,3172,0,28,282,https://localhost:7221/api/v1/User/register,0,0,0
1710192255775,137018,HTTP Request,Non HTTP response code: java.net.SocketException,Non HTTP response message: Socket closed,test1 3-56,text,false,,3172,0,27,281,https://localhost:7221/api/v1/User/register,0,0,0
1710192263043,129751,HTTP Request,Non HTTP response code: java.net.SocketException,Non HTTP response message: Socket closed,test1 3-85,text,false,,3172,0,26,280,https://localhost:7221/api/v1/User/register,0,0,0
1710192217862,174933,HTTP Request,Non HTTP response code: java.net.SocketException,Non HTTP response message: Socket closed,test1 3-14,text,false,,3172,0,25,279,https://localhost:7221/api/v1/User/register,0,0,0
1710192260550,132245,HTTP Request,Non HTTP response code: java.net.SocketException,Non HTTP response message: Socket closed,test1 3-84,text,false,,3172,0,24,278,https://localhost:7221/api/v1/User/register,0,0,0
1710192215810,176985,HTTP Request,Non HTTP response code: java.net.SocketException,Non HTTP response message: Socket closed,test1 3-13,text,false,,3172,0,23,277,https://localhost:7221/api/v1/User/register,0,0,0
1710192263793,129003,HTTP Request,Non HTTP response code: java.net.SocketException,Non HTTP response message: Socket closed,test1 3-83,text,false,,3172,0,22,276,https://localhost:7221/api/v1/User/register,0,0,0
1710192263907,128889,HTTP Request,Non HTTP response code: java.net.SocketException,Non HTTP response message: Socket closed,test1 3-94,text,false,,3172,0,21,275,https://localhost:7221/api/v1/User/register,0,0,0
1710192215810,176986,HTTP Request,Non HTTP response code: java.net.SocketException,Non HTTP response message: Socket closed,test1 3-5,text,false,,3172,0,20,274,https://localhost:7221/api/v1/User/register,0,0,0
1710192260550,132247,HTTP Request,Non HTTP response code: java.net.SocketException,Non HTTP response message: Socket closed,test1 3-92,text,false,,3172,0,19,273,https://localhost:7221/api/v1/User/register,0,0,0
1710192263793,129004,HTTP Request,Non HTTP response code: java.net.SocketException,Non HTTP response message: Socket closed,test1 3-95,text,false,,3172,0,18,272,https://localhost:7221/api/v1/User/register,0,0,0
1710192215794,177004,HTTP Request,Non HTTP response code: java.net.SocketException,Non HTTP response message: Socket closed,test1 3-12,text,false,,3172,0,17,271,https://localhost:7221/api/v1/User/register,0,0,0
1710192218882,173917,HTTP Request,Non HTTP response code: java.net.SocketException,Non HTTP response message: Socket closed,test1 3-15,text,false,,3172,0,16,270,https://localhost:7221/api/v1/User/register,0,0,0
1710192260574,132225,HTTP Request,Non HTTP response code: java.net.SocketException,Non HTTP response message: Socket closed,test1 3-76,text,false,,3172,0,16,270,https://localhost:7221/api/v1/User/register,0,0,0
1710192232508,160292,HTTP Request,Non HTTP response code: java.net.SocketException,Non HTTP response message: Socket closed,test1 3-43,text,false,,3172,0,14,268,https://localhost:7221/api/v1/User/register,0,0,0
1710192263043,129757,HTTP Request,Non HTTP response code: java.net.SocketException,Non HTTP response message: Socket closed,test1 3-81,text,false,,3172,0,13,267,https://localhost:7221/api/v1/User/register,0,0,0
1710192218881,173919,HTTP Request,Non HTTP response code: java.net.SocketException,Non HTTP response message: Socket closed,test1 3-47,text,false,,3172,0,12,266,https://localhost:7221/api/v1/User/register,0,0,0
1710192255774,137026,HTTP Request,Non HTTP response code: java.net.SocketException,Non HTTP response message: Socket closed,test1 3-36,text,false,,3172,0,11,265,https://localhost:7221/api/v1/User/register,0,0,0
1710192218881,173920,HTTP Request,Non HTTP response code: java.net.SocketException,Non HTTP response message: Socket closed,test1 3-19,text,false,,3172,0,10,264,https://localhost:7221/api/v1/User/register,0,0,0
1710192232518,160283,HTTP Request,Non HTTP response code: java.net.SocketException,Non HTTP response message: Socket closed,test1 3-18,text,false,,3172,0,9,263,https://localhost:7221/api/v1/User/register,0,0,0
1710192248822,143980,HTTP Request,Non HTTP response code: java.net.SocketException,Non HTTP response message: Socket closed,test1 3-48,text,false,,3172,0,8,262,https://localhost:7221/api/v1/User/register,0,0,0
1710192229740,163062,HTTP Request,Non HTTP response code: java.net.SocketException,Non HTTP response message: Socket closed,test1 3-24,text,false,,3172,0,7,261,https://localhost:7221/api/v1/User/register,0,0,0
1710192263907,128896,HTTP Request,Non HTTP response code: java.net.SocketException,Non HTTP response message: Socket closed,test1 3-98,text,false,,3172,0,6,260,https://localhost:7221/api/v1/User/register,0,0,0
1710192257286,135516,HTTP Request,Non HTTP response code: java.net.SocketException,Non HTTP response message: Socket closed,test1 3-54,text,false,,3172,0,5,259,https://localhost:7221/api/v1/User/register,0,0,0
1710192260573,132230,HTTP Request,Non HTTP response code: java.net.SocketException,Non HTTP response message: Socket closed,test1 3-88,text,false,,3172,0,4,258,https://localhost:7221/api/v1/User/register,0,0,0
1710192229742,163061,HTTP Request,Non HTTP response code: java.net.SocketException,Non HTTP response message: Socket closed,test1 3-44,text,false,,3172,0,3,257,https://localhost:7221/api/v1/User/register,0,0,0
1710192232515,160289,HTTP Request,Non HTTP response code: java.net.SocketException,Non HTTP response message: Socket closed,test1 3-27,text,false,,3172,0,2,256,https://localhost:7221/api/v1/User/register,0,0,0
1710192263909,128895,HTTP Request,Non HTTP response code: java.net.SocketException,Non HTTP response message: Socket closed,test1 3-87,text,false,,3172,0,1,255,https://localhost:7221/api/v1/User/register,0,0,0
1710192401404,27827,HTTP Request,400,Bad Request,test1 3-1,text,false,,547,318,100,441,https://localhost:7221/api/v1/User/register,27827,0,8169
1710192429231,19230,HTTP Request,400,Bad Request,test1 3-1,text,false,,547,326,100,465,https://localhost:7221/api/v1/User/register,19230,0,0
1710192401954,84312,HTTP Request,500,Internal Server Error,test1 3-12,text,false,,458,331,99,483,https://localhost:7221/api/v1/User/register,84312,0,9548
1710192402553,83714,HTTP Request,500,Internal Server Error,test1 3-24,text,false,,458,331,99,483,https://localhost:7221/api/v1/User/register,83714,0,8950
1710192403155,83115,HTTP Request,500,Internal Server Error,test1 3-36,text,false,,458,331,99,483,https://localhost:7221/api/v1/User/register,83115,0,8348
1710192403754,82520,HTTP Request,500,Internal Server Error,test1 3-48,text,false,,458,331,99,483,https://localhost:7221/api/v1/User/register,82520,0,7749
1710192404353,81923,HTTP Request,500,Internal Server Error,test1 3-60,text,false,,458,331,99,483,https://localhost:7221/api/v1/User/register,81923,0,7150
1710192404953,81324,HTTP Request,500,Internal Server Error,test1 3-72,text,false,,458,331,99,483,https://localhost:7221/api/v1/User/register,81323,0,6550
1710192405553,80724,HTTP Request,500,Internal Server Error,test1 3-84,text,false,,458,331,99,483,https://localhost:7221/api/v1/User/register,80724,0,5951
1710192406153,80124,HTTP Request,500,Internal Server Error,test1 3-96,text,false,,458,331,99,483,https://localhost:7221/api/v1/User/register,80124,0,5351
1710192403906,82537,HTTP Request,500,Internal Server Error,test1 3-51,text,false,,458,331,99,482,https://localhost:7221/api/v1/User/register,82537,0,8399
1710192404504,81946,HTTP Request,500,Internal Server Error,test1 3-63,text,false,,458,331,99,482,https://localhost:7221/api/v1/User/register,81946,0,7801
1710192405104,81349,HTTP Request,500,Internal Server Error,test1 3-75,text,false,,458,331,99,481,https://localhost:7221/api/v1/User/register,81349,0,7202
1710192403104,83633,HTTP Request,500,Internal Server Error,test1 3-35,text,false,,458,331,99,478,https://localhost:7221/api/v1/User/register,83633,0,8257
1710192402653,84084,HTTP Request,500,Internal Server Error,test1 3-26,text,false,,458,331,99,478,https://localhost:7221/api/v1/User/register,84084,0,8708
1710192403254,83483,HTTP Request,500,Internal Server Error,test1 3-38,text,false,,458,331,99,478,https://localhost:7221/api/v1/User/register,83483,0,8107
1710192402905,83832,HTTP Request,500,Internal Server Error,test1 3-31,text,false,,458,331,99,478,https://localhost:7221/api/v1/User/register,83832,0,8456
1710192403504,83233,HTTP Request,500,Internal Server Error,test1 3-43,text,false,,458,331,99,478,https://localhost:7221/api/v1/User/register,83233,0,7857
1710192403702,83036,HTTP Request,500,Internal Server Error,test1 3-47,text,false,,458,331,99,478,https://localhost:7221/api/v1/User/register,83036,0,7659
1710192404454,82284,HTTP Request,500,Internal Server Error,test1 3-62,text,false,,458,331,99,478,https://localhost:7221/api/v1/User/register,82284,0,6908
1710192403855,82883,HTTP Request,500,Internal Server Error,test1 3-50,text,false,,458,331,99,478,https://localhost:7221/api/v1/User/register,82883,0,7507
1710192404705,82033,HTTP Request,500,Internal Server Error,test1 3-67,text,false,,458,331,99,478,https://localhost:7221/api/v1/User/register,82033,0,6657
1710192404103,82637,HTTP Request,500,Internal Server Error,test1 3-55,text,false,,458,331,99,478,https://localhost:7221/api/v1/User/register,82637,0,7259
1710192404303,82438,HTTP Request,500,Internal Server Error,test1 3-59,text,false,,458,331,99,478,https://localhost:7221/api/v1/User/register,82438,0,7059
1710192404903,81838,HTTP Request,500,Internal Server Error,test1 3-71,text,false,,458,331,99,478,https://localhost:7221/api/v1/User/register,81838,0,6459
1710192405053,81691,HTTP Request,500,Internal Server Error,test1 3-74,text,false,,458,331,99,478,https://localhost:7221/api/v1/User/register,81691,0,6309
1710192405303,81442,HTTP Request,500,Internal Server Error,test1 3-79,text,false,,458,331,99,478,https://localhost:7221/api/v1/User/register,81441,0,6059
1710192405503,81242,HTTP Request,500,Internal Server Error,test1 3-83,text,false,,458,331,99,478,https://localhost:7221/api/v1/User/register,81242,0,5859
1710192405654,81091,HTTP Request,500,Internal Server Error,test1 3-86,text,false,,458,331,99,478,https://localhost:7221/api/v1/User/register,81091,0,5708
1710192405903,80842,HTTP Request,500,Internal Server Error,test1 3-91,text,false,,458,331,99,478,https://localhost:7221/api/v1/User/register,80842,0,5459
1710192406102,80643,HTTP Request,500,Internal Server Error,test1 3-95,text,false,,458,331,99,478,https://localhost:7221/api/v1/User/register,80643,0,5260
1710192406253,80492,HTTP Request,500,Internal Server Error,test1 3-98,text,false,,458,331,99,478,https://localhost:7221/api/v1/User/register,80492,0,5109
1710192402153,86342,HTTP Request,500,Internal Server Error,test1 3-16,text,false,,458,331,99,478,https://localhost:7221/api/v1/User/register,86342,0,9385
1710192401754,86741,HTTP Request,500,Internal Server Error,test1 3-8,text,false,,458,328,99,478,https://localhost:7221/api/v1/User/register,86741,0,9784
1710192402754,85742,HTTP Request,500,Internal Server Error,test1 3-28,text,false,,458,331,99,478,https://localhost:7221/api/v1/User/register,85742,0,8784
1710192402354,86142,HTTP Request,500,Internal Server Error,test1 3-20,text,false,,458,331,99,478,https://localhost:7221/api/v1/User/register,86141,0,9184
1710192402953,85543,HTTP Request,500,Internal Server Error,test1 3-32,text,false,,458,331,99,478,https://localhost:7221/api/v1/User/register,85543,0,8585
1710192403353,85143,HTTP Request,500,Internal Server Error,test1 3-40,text,false,,458,331,99,478,https://localhost:7221/api/v1/User/register,85143,0,8186
1710192403556,84940,HTTP Request,500,Internal Server Error,test1 3-44,text,false,,458,331,99,478,https://localhost:7221/api/v1/User/register,84940,0,7983
1710192403954,84542,HTTP Request,500,Internal Server Error,test1 3-52,text,false,,458,331,99,478,https://localhost:7221/api/v1/User/register,84542,0,7585
1710192404153,84343,HTTP Request,500,Internal Server Error,test1 3-56,text,false,,458,331,99,478,https://localhost:7221/api/v1/User/register,84343,0,7386
1710192405154,83342,HTTP Request,500,Internal Server Error,test1 3-76,text,false,,458,331,99,478,https://localhost:7221/api/v1/User/register,83342,0,6385
1710192404554,83942,HTTP Request,500,Internal Server Error,test1 3-64,text,false,,458,331,99,478,https://localhost:7221/api/v1/User/register,83942,0,6985
1710192404753,83743,HTTP Request,500,Internal Server Error,test1 3-68,text,false,,458,331,99,478,https://localhost:7221/api/v1/User/register,83743,0,6786
1710192405353,83143,HTTP Request,500,Internal Server Error,test1 3-80,text,false,,458,331,99,478,https://localhost:7221/api/v1/User/register,83143,0,6186
1710192405753,82744,HTTP Request,500,Internal Server Error,test1 3-88,text,false,,458,331,99,478,https://localhost:7221/api/v1/User/register,82744,0,5786
1710192405954,82543,HTTP Request,500,Internal Server Error,test1 3-92,text,false,,458,331,99,478,https://localhost:7221/api/v1/User/register,82543,0,5585
1710192406353,82153,HTTP Request,500,Internal Server Error,test1 3-100,text,false,,458,331,99,478,https://localhost:7221/api/v1/User/register,82153,0,5186
1710192406303,99603,HTTP Request,500,Internal Server Error,test1 3-99,text,false,,458,331,99,451,https://localhost:7221/api/v1/User/register,99603,0,23257
1710192405703,100203,HTTP Request,500,Internal Server Error,test1 3-87,text,false,,458,331,99,451,https://localhost:7221/api/v1/User/register,100203,0,23857
1710192404003,102397,HTTP Request,500,Internal Server Error,test1 3-53,text,false,,458,331,99,438,https://localhost:7221/api/v1/User/register,102397,0,25227
1710192404204,102197,HTTP Request,500,Internal Server Error,test1 3-57,text,false,,458,331,99,438,https://localhost:7221/api/v1/User/register,102197,0,25026
1710192404403,102000,HTTP Request,500,Internal Server Error,test1 3-61,text,false,,458,331,99,438,https://localhost:7221/api/v1/User/register,102000,0,24827
1710192404803,101601,HTTP Request,500,Internal Server Error,test1 3-69,text,false,,458,331,99,438,https://localhost:7221/api/v1/User/register,101601,0,24428
1710192405003,101401,HTTP Request,500,Internal Server Error,test1 3-73,text,false,,458,331,99,438,https://localhost:7221/api/v1/User/register,101401,0,24228
1710192405403,101001,HTTP Request,500,Internal Server Error,test1 3-81,text,false,,458,331,99,438,https://localhost:7221/api/v1/User/register,101001,0,23828
1710192404605,101799,HTTP Request,500,Internal Server Error,test1 3-65,text,false,,458,331,99,438,https://localhost:7221/api/v1/User/register,101798,0,24626
1710192405604,100812,HTTP Request,500,Internal Server Error,test1 3-85,text,false,,458,331,99,438,https://localhost:7221/api/v1/User/register,100812,0,23627
1710192406004,100412,HTTP Request,500,Internal Server Error,test1 3-93,text,false,,458,331,99,438,https://localhost:7221/api/v1/User/register,100412,0,23227
1710192401805,104606,HTTP Request,500,Internal Server Error,test1 3-9,text,false,,458,328,99,438,https://localhost:7221/api/v1/User/register,104606,0,7769
1710192405803,100613,HTTP Request,500,Internal Server Error,test1 3-89,text,false,,458,331,99,438,https://localhost:7221/api/v1/User/register,100613,0,23428
1710192405203,101213,HTTP Request,500,Internal Server Error,test1 3-77,text,false,,458,331,99,438,https://localhost:7221/api/v1/User/register,101213,0,24028
1710192403204,103207,HTTP Request,500,Internal Server Error,test1 3-37,text,false,,458,331,99,438,https://localhost:7221/api/v1/User/register,103207,0,6370
1710192402203,104208,HTTP Request,500,Internal Server Error,test1 3-17,text,false,,458,331,99,438,https://localhost:7221/api/v1/User/register,104208,0,7371
1710192403004,103407,HTTP Request,500,Internal Server Error,test1 3-33,text,false,,458,331,99,438,https://localhost:7221/api/v1/User/register,103407,0,6570
1710192402004,104407,HTTP Request,500,Internal Server Error,test1 3-13,text,false,,458,331,99,438,https://localhost:7221/api/v1/User/register,104407,0,7570
1710192406203,100208,HTTP Request,500,Internal Server Error,test1 3-97,text,false,,458,331,99,438,https://localhost:7221/api/v1/User/register,100208,0,23028
1710192401604,104807,HTTP Request,500,Internal Server Error,test1 3-5,text,false,,458,328,99,438,https://localhost:7221/api/v1/User/register,104807,0,7969
1710192401854,105820,HTTP Request,500,Internal Server Error,test1 3-10,text,false,,458,328,99,428,https://localhost:7221/api/v1/User/register,105820,0,7885
1710192401655,106019,HTTP Request,500,Internal Server Error,test1 3-6,text,false,,458,328,99,428,https://localhost:7221/api/v1/User/register,106019,0,8084
1710192402253,105424,HTTP Request,500,Internal Server Error,test1 3-18,text,false,,458,331,99,428,https://localhost:7221/api/v1/User/register,105424,0,7486
1710192403053,104624,HTTP Request,500,Internal Server Error,test1 3-34,text,false,,458,331,99,428,https://localhost:7221/api/v1/User/register,104624,0,6686
1710192402854,104823,HTTP Request,500,Internal Server Error,test1 3-30,text,false,,458,331,99,428,https://localhost:7221/api/v1/User/register,104823,0,6885
1710192486266,22027,HTTP Request,400,Bad Request,test1 3-12,text,false,,547,326,99,421,https://localhost:7221/api/v1/User/register,22027,0,18774
1710192486276,22017,HTTP Request,400,Bad Request,test1 3-60,text,false,,547,326,99,421,https://localhost:7221/api/v1/User/register,22017,0,18765
1710192402054,106466,HTTP Request,400,Bad Request,test1 3-14,text,false,,449,331,97,416,https://localhost:7221/api/v1/User/register,106466,0,9307
1710192401461,107059,HTTP Request,400,Bad Request,test1 3-2,text,false,,443,328,97,416,https://localhost:7221/api/v1/User/register,107059,0,9900
1710192401703,106817,HTTP Request,400,Bad Request,test1 3-7,text,false,,443,328,97,416,https://localhost:7221/api/v1/User/register,106817,0,9658
1710192401904,106616,HTTP Request,400,Bad Request,test1 3-11,text,false,,449,331,97,416,https://localhost:7221/api/v1/User/register,106616,0,9457
1710192402305,106216,HTTP Request,400,Bad Request,test1 3-19,text,false,,449,331,97,416,https://localhost:7221/api/v1/User/register,106216,0,9056
1710192402504,106017,HTTP Request,400,Bad Request,test1 3-23,text,false,,449,331,97,416,https://localhost:7221/api/v1/User/register,106017,0,8857
1710192486738,21793,HTTP Request,400,Bad Request,test1 3-47,text,false,,547,325,97,414,https://localhost:7221/api/v1/User/register,21793,0,19127
1710192486745,21787,HTTP Request,400,Bad Request,test1 3-79,text,false,,547,324,97,414,https://localhost:7221/api/v1/User/register,21787,0,19120
1710192402103,106430,HTTP Request,400,Bad Request,test1 3-15,text,false,,449,331,97,413,https://localhost:7221/api/v1/User/register,106430,0,7618
1710192401503,107031,HTTP Request,400,Bad Request,test1 3-3,text,false,,443,328,97,413,https://localhost:7221/api/v1/User/register,107031,0,8218
1710192486277,22257,HTTP Request,400,Bad Request,test1 3-72,text,false,,547,326,97,413,https://localhost:7221/api/v1/User/register,22257,0,19622
1710192402703,105831,HTTP Request,400,Bad Request,test1 3-27,text,false,,449,331,97,413,https://localhost:7221/api/v1/User/register,105831,0,7018
1710192486745,21802,HTTP Request,400,Bad Request,test1 3-83,text,false,,547,324,94,410,https://localhost:7221/api/v1/User/register,21802,0,19166
1710192486738,21811,HTTP Request,400,Bad Request,test1 3-62,text,false,,547,325,93,406,https://localhost:7221/api/v1/User/register,21811,0,19172
1710192401555,107358,HTTP Request,400,Bad Request,test1 3-4,text,false,,443,328,92,402,https://localhost:7221/api/v1/User/register,107358,0,9983
1710192402805,106110,HTTP Request,400,Bad Request,test1 3-29,text,false,,449,331,92,402,https://localhost:7221/api/v1/User/register,106110,0,9077
1710192402404,106512,HTTP Request,400,Bad Request,test1 3-21,text,false,,449,331,92,402,https://localhost:7221/api/v1/User/register,106512,0,7170
1710192402603,106313,HTTP Request,400,Bad Request,test1 3-25,text,false,,449,331,92,402,https://localhost:7221/api/v1/User/register,106313,0,6971
1710192486443,22474,HTTP Request,400,Bad Request,test1 3-51,text,false,,547,326,92,402,https://localhost:7221/api/v1/User/register,22474,0,19930
1710192486453,22465,HTTP Request,400,Bad Request,test1 3-75,text,false,,547,325,91,401,https://localhost:7221/api/v1/User/register,22465,0,19920
1710192486737,22181,HTTP Request,400,Bad Request,test1 3-26,text,false,,547,325,90,400,https://localhost:7221/api/v1/User/register,22181,0,19637
1710192486739,22180,HTTP Request,400,Bad Request,test1 3-67,text,false,,547,325,89,399,https://localhost:7221/api/v1/User/register,22180,0,19635
1710192486746,22173,HTTP Request,400,Bad Request,test1 3-98,text,false,,547,324,88,398,https://localhost:7221/api/v1/User/register,22173,0,19629
1710192488496,20425,HTTP Request,400,Bad Request,test1 3-16,text,false,,547,324,87,395,https://localhost:7221/api/v1/User/register,20425,0,17894
1710192486737,22186,HTTP Request,400,Bad Request,test1 3-43,text,false,,547,325,86,394,https://localhost:7221/api/v1/User/register,22186,0,19718
1710192486741,22182,HTTP Request,400,Bad Request,test1 3-71,text,false,,547,324,86,394,https://localhost:7221/api/v1/User/register,22182,0,19714
1710192486450,22474,HTTP Request,400,Bad Request,test1 3-63,text,false,,547,326,85,392,https://localhost:7221/api/v1/User/register,22474,0,20004
1710192486277,22647,HTTP Request,400,Bad Request,test1 3-84,text,false,,547,326,84,391,https://localhost:7221/api/v1/User/register,22647,0,20178
1710192488496,20428,HTTP Request,400,Bad Request,test1 3-52,text,false,,547,324,84,391,https://localhost:7221/api/v1/User/register,20428,0,17962
1710192488497,20428,HTTP Request,400,Bad Request,test1 3-92,text,false,,547,324,82,389,https://localhost:7221/api/v1/User/register,20428,0,17961
1710192486737,22201,HTTP Request,400,Bad Request,test1 3-35,text,false,,547,325,80,385,https://localhost:7221/api/v1/User/register,22201,0,19656
1710192486740,22198,HTTP Request,400,Bad Request,test1 3-55,text,false,,547,325,80,385,https://localhost:7221/api/v1/User/register,22198,0,19654
1710192486745,22194,HTTP Request,400,Bad Request,test1 3-95,text,false,,547,324,78,383,https://localhost:7221/api/v1/User/register,22194,0,19649
1710192486274,22667,HTTP Request,400,Bad Request,test1 3-48,text,false,,547,326,77,382,https://localhost:7221/api/v1/User/register,22667,0,20138
1710192486267,22674,HTTP Request,400,Bad Request,test1 3-24,text,false,,547,326,77,382,https://localhost:7221/api/v1/User/register,22674,0,20145
1710192488496,20445,HTTP Request,400,Bad Request,test1 3-64,text,false,,547,324,77,382,https://localhost:7221/api/v1/User/register,20445,0,17916
1710192488496,20445,HTTP Request,400,Bad Request,test1 3-40,text,false,,547,324,77,382,https://localhost:7221/api/v1/User/register,20445,0,17921
1710192486277,22751,HTTP Request,400,Bad Request,test1 3-96,text,false,,547,326,73,377,https://localhost:7221/api/v1/User/register,22751,0,21005
1710192486737,22291,HTTP Request,400,Bad Request,test1 3-31,text,false,,547,325,73,377,https://localhost:7221/api/v1/User/register,22291,0,20546
1710192488496,20532,HTTP Request,400,Bad Request,test1 3-76,text,false,,547,324,73,377,https://localhost:7221/api/v1/User/register,20532,0,18788
1710192486741,22288,HTTP Request,400,Bad Request,test1 3-59,text,false,,547,324,70,374,https://localhost:7221/api/v1/User/register,22287,0,20543
1710192486745,22284,HTTP Request,400,Bad Request,test1 3-91,text,false,,547,324,70,374,https://localhost:7221/api/v1/User/register,22284,0,20539
1710192488496,20533,HTTP Request,400,Bad Request,test1 3-20,text,false,,547,324,68,372,https://localhost:7221/api/v1/User/register,20533,0,18789
1710192402455,106657,HTTP Request,400,Bad Request,test1 3-22,text,false,,449,331,67,369,https://localhost:7221/api/v1/User/register,106657,0,7284
1710192403654,105459,HTTP Request,400,Bad Request,test1 3-46,text,false,,449,331,67,369,https://localhost:7221/api/v1/User/register,105459,0,9523
1710192404053,105060,HTTP Request,400,Bad Request,test1 3-54,text,false,,449,331,67,369,https://localhost:7221/api/v1/User/register,105060,0,9124
1710192403453,105660,HTTP Request,400,Bad Request,test1 3-42,text,false,,449,331,67,369,https://localhost:7221/api/v1/User/register,105660,0,6286
1710192486271,22846,HTTP Request,400,Bad Request,test1 3-36,text,false,,547,326,67,369,https://localhost:7221/api/v1/User/register,22846,0,21404
1710192488496,20621,HTTP Request,400,Bad Request,test1 3-28,text,false,,547,324,67,369,https://localhost:7221/api/v1/User/register,20621,0,19181
1710192486737,22380,HTTP Request,400,Bad Request,test1 3-38,text,false,,547,325,67,369,https://localhost:7221/api/v1/User/register,22380,0,20940
1710192486744,22373,HTTP Request,400,Bad Request,test1 3-74,text,false,,547,324,64,366,https://localhost:7221/api/v1/User/register,22373,0,20933
1710192488496,20622,HTTP Request,400,Bad Request,test1 3-68,text,false,,547,324,63,365,https://localhost:7221/api/v1/User/register,20622,0,19185
1710192486738,23119,HTTP Request,400,Bad Request,test1 3-50,text,false,,547,325,62,364,https://localhost:7221/api/v1/User/register,23119,0,21542
1710192488497,21360,HTTP Request,400,Bad Request,test1 3-80,text,false,,547,324,62,364,https://localhost:7221/api/v1/User/register,21360,0,19784
1710192486745,23112,HTTP Request,400,Bad Request,test1 3-86,text,false,,547,324,62,364,https://localhost:7221/api/v1/User/register,23112,0,21535
1710192488496,21361,HTTP Request,400,Bad Request,test1 3-32,text,false,,547,324,59,361,https://localhost:7221/api/v1/User/register,21361,0,19785
1710192488496,22094,HTTP Request,400,Bad Request,test1 3-56,text,false,,547,324,58,360,https://localhost:7221/api/v1/User/register,22094,0,20023
1710192488496,22094,HTTP Request,400,Bad Request,test1 3-44,text,false,,547,324,58,360,https://localhost:7221/api/v1/User/register,22094,0,20024
1710192488496,22095,HTTP Request,400,Bad Request,test1 3-8,text,false,,547,324,56,358,https://localhost:7221/api/v1/User/register,22095,0,20024
1710192488497,22098,HTTP Request,400,Bad Request,test1 3-88,text,false,,547,324,55,357,https://localhost:7221/api/v1/User/register,22098,0,20031
1710192488506,22089,HTTP Request,400,Bad Request,test1 3-100,text,false,,547,324,54,356,https://localhost:7221/api/v1/User/register,22089,0,20023
1710192403304,107292,HTTP Request,200,OK,test1 3-39,text,true,,393,331,53,355,https://localhost:7221/api/v1/User/register,107292,0,6417
1710192506401,4776,HTTP Request,400,Bad Request,test1 3-57,text,false,,547,324,53,354,https://localhost:7221/api/v1/User/register,4776,0,2525
1710192505906,5432,HTTP Request,400,Bad Request,test1 3-99,text,false,,547,324,52,353,https://localhost:7221/api/v1/User/register,5432,0,3011
1710192506419,4919,HTTP Request,400,Bad Request,test1 3-85,text,false,,547,324,51,352,https://localhost:7221/api/v1/User/register,4919,0,2512
1710192506404,4947,HTTP Request,400,Bad Request,test1 3-73,text,false,,547,324,50,350,https://localhost:7221/api/v1/User/register,4947,0,2539
1710192506400,5078,HTTP Request,400,Bad Request,test1 3-53,text,false,,547,324,49,349,https://localhost:7221/api/v1/User/register,5078,0,2626
1710192506424,5054,HTTP Request,400,Bad Request,test1 3-93,text,false,,547,324,49,349,https://localhost:7221/api/v1/User/register,5054,0,2603
1710192404853,106692,HTTP Request,400,Bad Request,test1 3-70,text,false,,449,331,47,347,https://localhost:7221/api/v1/User/register,106692,0,8325
1710192404254,107291,HTTP Request,200,OK,test1 3-58,text,true,,393,331,47,347,https://localhost:7221/api/v1/User/register,107291,0,8923
1710192404655,106891,HTTP Request,200,OK,test1 3-66,text,true,,393,331,47,347,https://localhost:7221/api/v1/User/register,106891,0,8523
1710192405453,106093,HTTP Request,400,Bad Request,test1 3-82,text,false,,449,331,47,347,https://localhost:7221/api/v1/User/register,106093,0,7725
1710192405253,106296,HTTP Request,400,Bad Request,test1 3-78,text,false,,449,331,47,347,https://localhost:7221/api/v1/User/register,106296,0,7925
1710192405853,105697,HTTP Request,400,Bad Request,test1 3-90,text,false,,449,331,47,347,https://localhost:7221/api/v1/User/register,105697,0,7326
1710192406054,105500,HTTP Request,400,Bad Request,test1 3-94,text,false,,449,331,47,347,https://localhost:7221/api/v1/User/register,105499,0,7125
1710192506427,5132,HTTP Request,400,Bad Request,test1 3-89,text,false,,547,324,47,347,https://localhost:7221/api/v1/User/register,5132,0,2689
1710192506404,5155,HTTP Request,400,Bad Request,test1 3-69,text,false,,547,324,47,347,https://localhost:7221/api/v1/User/register,5155,0,2712
1710192506404,6249,HTTP Request,400,Bad Request,test1 3-81,text,false,,547,324,45,345,https://localhost:7221/api/v1/User/register,6249,0,3448
1710192505906,6747,HTTP Request,400,Bad Request,test1 3-87,text,false,,547,324,45,345,https://localhost:7221/api/v1/User/register,6747,0,3946
1710192506430,6223,HTTP Request,400,Bad Request,test1 3-17,text,false,,547,324,45,345,https://localhost:7221/api/v1/User/register,6223,0,3423
1710192507675,4979,HTTP Request,400,Bad Request,test1 3-6,text,false,,547,325,42,342,https://localhost:7221/api/v1/User/register,4979,0,2179
1710192506418,6319,HTTP Request,400,Bad Request,test1 3-65,text,false,,547,324,41,341,https://localhost:7221/api/v1/User/register,6319,0,4176
1710192508520,4217,HTTP Request,400,Bad Request,test1 3-2,text,false,,547,324,41,341,https://localhost:7221/api/v1/User/register,4217,0,2075
1710192506430,6307,HTTP Request,400,Bad Request,test1 3-37,text,false,,547,324,41,341,https://localhost:7221/api/v1/User/register,6307,0,4164
1710192506427,6440,HTTP Request,400,Bad Request,test1 3-9,text,false,,547,324,38,338,https://localhost:7221/api/v1/User/register,6439,0,4747
1710192508521,4346,HTTP Request,400,Bad Request,test1 3-23,text,false,,547,324,38,338,https://localhost:7221/api/v1/User/register,4346,0,2654
1710192506433,6434,HTTP Request,400,Bad Request,test1 3-5,text,false,,547,324,38,338,https://localhost:7221/api/v1/User/register,6434,0,4741
1710192507687,5180,HTTP Request,400,Bad Request,test1 3-34,text,false,,547,325,38,338,https://localhost:7221/api/v1/User/register,5180,0,3488
1710192506428,6445,HTTP Request,400,Bad Request,test1 3-77,text,false,,547,324,34,334,https://localhost:7221/api/v1/User/register,6445,0,4162
1710192506404,6470,HTTP Request,400,Bad Request,test1 3-61,text,false,,547,324,34,334,https://localhost:7221/api/v1/User/register,6470,0,4186
1710192508533,4341,HTTP Request,400,Bad Request,test1 3-15,text,false,,547,324,33,333,https://localhost:7221/api/v1/User/register,4341,0,2065
1710192403804,109199,HTTP Request,400,Bad Request,test1 3-49,text,false,,449,331,31,331,https://localhost:7221/api/v1/User/register,109199,0,25426
1710192403604,109399,HTTP Request,400,Bad Request,test1 3-45,text,false,,449,331,31,331,https://localhost:7221/api/v1/User/register,109399,0,25626
1710192403404,109599,HTTP Request,400,Bad Request,test1 3-41,text,false,,449,331,31,331,https://localhost:7221/api/v1/User/register,109599,0,25826
1710192506433,6570,HTTP Request,400,Bad Request,test1 3-13,text,false,,547,324,31,331,https://localhost:7221/api/v1/User/register,6570,0,4915
1710192507687,5316,HTTP Request,400,Bad Request,test1 3-18,text,false,,547,325,31,331,https://localhost:7221/api/v1/User/register,5316,0,3662
1710192508916,4088,HTTP Request,400,Bad Request,test1 3-25,text,false,,547,324,30,330,https://localhost:7221/api/v1/User/register,4088,0,2435
1710192506433,6696,HTTP Request,400,Bad Request,test1 3-97,text,false,,547,324,28,328,https://localhost:7221/api/v1/User/register,6696,0,2600
1710192507688,5441,HTTP Request,400,Bad Request,test1 3-30,text,false,,547,324,27,327,https://localhost:7221/api/v1/User/register,5441,0,3784
1710192506431,6821,HTTP Request,400,Bad Request,test1 3-33,text,false,,547,324,26,326,https://localhost:7221/api/v1/User/register,6821,0,4906
1710192508521,4731,HTTP Request,400,Bad Request,test1 3-7,text,false,,547,325,26,326,https://localhost:7221/api/v1/User/register,4731,0,2816
1710192508521,4731,HTTP Request,400,Bad Request,test1 3-11,text,false,,547,325,26,326,https://localhost:7221/api/v1/User/register,4731,0,2816
1710192508534,4718,HTTP Request,400,Bad Request,test1 3-27,text,false,,547,324,26,326,https://localhost:7221/api/v1/User/register,4718,0,2803
1710192508916,4336,HTTP Request,400,Bad Request,test1 3-21,text,false,,547,324,26,326,https://localhost:7221/api/v1/User/register,4336,0,2423
1710192507675,13915,HTTP Request,400,Bad Request,test1 3-10,text,false,,547,324,21,321,https://localhost:7221/api/v1/User/register,13915,0,2922
1710192508534,13057,HTTP Request,400,Bad Request,test1 3-3,text,false,,547,324,21,321,https://localhost:7221/api/v1/User/register,13057,0,2065
1710192509113,14193,HTTP Request,400,Bad Request,test1 3-46,text,false,,547,324,19,319,https://localhost:7221/api/v1/User/register,14193,0,3753
1710192508520,15728,HTTP Request,400,Bad Request,test1 3-14,text,false,,547,325,18,317,https://localhost:7221/api/v1/User/register,15728,0,4132
1710192508916,15332,HTTP Request,400,Bad Request,test1 3-29,text,false,,547,324,18,317,https://localhost:7221/api/v1/User/register,15332,0,3736
1710192508521,15727,HTTP Request,Non HTTP response code: org.apache.http.NoHttpResponseException,Non HTTP response message: localhost:7221 failed to respond,test1 3-19,text,false,,2091,0,18,317,https://localhost:7221/api/v1/User/register,0,0,4131
1710192509113,15169,HTTP Request,Non HTTP response code: org.apache.http.NoHttpResponseException,Non HTTP response message: localhost:7221 failed to respond,test1 3-54,text,false,,2091,0,15,314,https://localhost:7221/api/v1/User/register,0,0,3890
1710192510596,13687,HTTP Request,Non HTTP response code: org.apache.http.NoHttpResponseException,Non HTTP response message: localhost:7221 failed to respond,test1 3-39,text,false,,2091,0,14,313,https://localhost:7221/api/v1/User/register,0,0,2407
1710192509113,15173,HTTP Request,400,Bad Request,test1 3-42,text,false,,547,324,13,312,https://localhost:7221/api/v1/User/register,15173,0,4016
1710192508913,15385,HTTP Request,Non HTTP response code: org.apache.http.NoHttpResponseException,Non HTTP response message: localhost:7221 failed to respond,test1 3-4,text,false,,2091,0,12,311,https://localhost:7221/api/v1/User/register,0,0,3960
1710192509112,15198,HTTP Request,Non HTTP response code: org.apache.http.NoHttpResponseException,Non HTTP response message: localhost:7221 failed to respond,test1 3-22,text,false,,2091,0,11,309,https://localhost:7221/api/v1/User/register,0,0,4140
1710192511550,12832,HTTP Request,400,Bad Request,test1 3-90,text,false,,547,324,10,308,https://localhost:7221/api/v1/User/register,12831,0,10041
1710192511549,12839,HTTP Request,Non HTTP response code: org.apache.http.NoHttpResponseException,Non HTTP response message: localhost:7221 failed to respond,test1 3-78,text,false,,2091,0,9,307,https://localhost:7221/api/v1/User/register,0,0,2954
1710192511546,12873,HTTP Request,Non HTTP response code: org.apache.http.NoHttpResponseException,Non HTTP response message: localhost:7221 failed to respond,test1 3-66,text,false,,2091,0,8,306,https://localhost:7221/api/v1/User/register,0,0,11760
1710192513003,17464,HTTP Request,400,Bad Request,test1 3-45,text,false,,547,324,7,305,https://localhost:7221/api/v1/User/register,17464,0,11280
1710192511545,18922,HTTP Request,Non HTTP response code: org.apache.http.NoHttpResponseException,Non HTTP response message: localhost:7221 failed to respond,test1 3-70,text,false,,2091,0,7,305,https://localhost:7221/api/v1/User/register,0,0,12737
1710192511554,20651,HTTP Request,Non HTTP response code: org.apache.http.NoHttpResponseException,Non HTTP response message: localhost:7221 failed to respond,test1 3-94,text,false,,2091,0,5,303,https://localhost:7221/api/v1/User/register,0,0,12694
1710192513003,19320,HTTP Request,400,Bad Request,test1 3-41,text,false,,547,324,4,302,https://localhost:7221/api/v1/User/register,19320,0,11283
1710192511546,20778,HTTP Request,Non HTTP response code: org.apache.http.NoHttpResponseException,Non HTTP response message: localhost:7221 failed to respond,test1 3-82,text,false,,2091,0,3,301,https://localhost:7221/api/v1/User/register,0,0,12740
1710192511545,20918,HTTP Request,Non HTTP response code: org.apache.http.NoHttpResponseException,Non HTTP response message: localhost:7221 failed to respond,test1 3-58,text,false,,2091,0,2,300,https://localhost:7221/api/v1/User/register,0,0,12765
1710192513003,19460,HTTP Request,400,Bad Request,test1 3-49,text,false,,547,324,2,300,https://localhost:7221/api/v1/User/register,19460,0,11307
1710192768205,345,HTTP Request,400,Bad Request,test1 3-1,text,false,,547,318,7,15,https://localhost:7221/api/v1/User/register,345,0,216
1710192768355,1749,HTTP Request,400,Bad Request,test1 3-4,text,false,,443,328,39,77,https://localhost:7221/api/v1/User/register,1749,0,247
1710192768606,1941,HTTP Request,400,Bad Request,test1 3-9,text,false,,443,328,47,93,https://localhost:7221/api/v1/User/register,1941,0,408
1710192770547,763,HTTP Request,400,Bad Request,test1 3-9,text,false,,449,331,63,125,https://localhost:7221/api/v1/User/register,763,0,0
1710192768657,2659,HTTP Request,400,Bad Request,test1 3-10,text,false,,449,331,62,124,https://localhost:7221/api/v1/User/register,2659,0,510
1710192769005,2410,HTTP Request,400,Bad Request,test1 3-17,text,false,,449,331,64,127,https://localhost:7221/api/v1/User/register,2410,0,1284
1710192769054,2546,HTTP Request,400,Bad Request,test1 3-18,text,false,,449,331,67,133,https://localhost:7221/api/v1/User/register,2546,0,1529
1710192769104,2698,HTTP Request,400,Bad Request,test1 3-19,text,false,,449,331,71,141,https://localhost:7221/api/v1/User/register,2698,0,1600
1710192769206,2707,HTTP Request,400,Bad Request,test1 3-21,text,false,,449,331,74,147,https://localhost:7221/api/v1/User/register,2707,0,1667
1710192769154,2929,HTTP Request,400,Bad Request,test1 3-20,text,false,,449,331,77,153,https://localhost:7221/api/v1/User/register,2929,0,1648
1710192769406,2704,HTTP Request,400,Bad Request,test1 3-25,text,false,,449,331,78,154,https://localhost:7221/api/v1/User/register,2507,0,1819
1710192770104,2073,HTTP Request,400,Bad Request,test1 3-4,text,false,,449,331,79,157,https://localhost:7221/api/v1/User/register,2073,0,0
1710192769355,3115,HTTP Request,400,Bad Request,test1 3-24,text,false,,449,331,84,169,https://localhost:7221/api/v1/User/register,3115,0,1952
1710192769305,3378,HTTP Request,400,Bad Request,test1 3-23,text,false,,449,331,88,176,https://localhost:7221/api/v1/User/register,3378,0,1728
1710192771316,1387,HTTP Request,200,OK,test1 3-10,text,true,,393,331,88,176,https://localhost:7221/api/v1/User/register,1387,0,0
1710192772683,418,HTTP Request,400,Bad Request,test1 3-23,text,false,,547,326,95,192,https://localhost:7221/api/v1/User/register,418,0,0
1710192769603,3562,HTTP Request,400,Bad Request,test1 3-29,text,false,,449,331,96,194,https://localhost:7221/api/v1/User/register,3562,0,2123
1710192772083,1092,HTTP Request,400,Bad Request,test1 3-20,text,false,,449,331,96,193,https://localhost:7221/api/v1/User/register,1092,0,0
1710192769505,3674,HTTP Request,400,Bad Request,test1 3-27,text,false,,449,331,95,192,https://localhost:7221/api/v1/User/register,3674,0,1835
1710192769554,3707,HTTP Request,400,Bad Request,test1 3-28,text,false,,449,331,95,194,https://localhost:7221/api/v1/User/register,3707,0,2043
1710192769703,3847,HTTP Request,400,Bad Request,test1 3-31,text,false,,449,331,95,198,https://localhost:7221/api/v1/User/register,3847,0,2365
1710192771600,1979,HTTP Request,200,OK,test1 3-18,text,true,,393,331,95,198,https://localhost:7221/api/v1/User/register,1979,0,0
1710192772110,1503,HTTP Request,400,Bad Request,test1 3-25,text,false,,449,331,94,198,https://localhost:7221/api/v1/User/register,1503,0,0
1710192773166,447,HTTP Request,400,Bad Request,test1 3-29,text,false,,547,325,93,197,https://localhost:7221/api/v1/User/register,447,0,0
1710192773179,464,HTTP Request,400,Bad Request,test1 3-27,text,false,,547,325,92,198,https://localhost:7221/api/v1/User/register,464,0,0
1710192768305,5338,HTTP Request,400,Bad Request,test1 3-3,text,false,,443,328,92,198,https://localhost:7221/api/v1/User/register,5338,0,165
1710192769754,3972,HTTP Request,400,Bad Request,test1 3-32,text,false,,449,331,91,199,https://localhost:7221/api/v1/User/register,3972,0,2329
1710192773261,555,HTTP Request,400,Bad Request,test1 3-28,text,false,,547,325,91,199,https://localhost:7221/api/v1/User/register,555,0,0
1710192769653,4261,HTTP Request,400,Bad Request,test1 3-30,text,false,,449,331,90,200,https://localhost:7221/api/v1/User/register,4261,0,2222
1710192769455,4459,HTTP Request,400,Bad Request,test1 3-26,text,false,,449,331,90,200,https://localhost:7221/api/v1/User/register,4459,0,1950
1710192769804,4159,HTTP Request,400,Bad Request,test1 3-33,text,false,,449,331,90,202,https://localhost:7221/api/v1/User/register,4159,0,2306
1710192771803,2211,HTTP Request,400,Bad Request,test1 3-19,text,false,,449,331,90,202,https://localhost:7221/api/v1/User/register,2211,0,0
1710192773550,464,HTTP Request,400,Bad Request,test1 3-31,text,false,,547,325,90,202,https://localhost:7221/api/v1/User/register,464,0,0
1710192769953,4474,HTTP Request,400,Bad Request,test1 3-36,text,false,,449,331,88,209,https://localhost:7221/api/v1/User/register,4474,0,2850
1710192772470,1957,HTTP Request,400,Bad Request,test1 3-24,text,false,,449,331,88,209,https://localhost:7221/api/v1/User/register,1957,0,0
1710192773726,702,HTTP Request,400,Bad Request,test1 3-32,text,false,,547,325,87,208,https://localhost:7221/api/v1/User/register,702,0,0
1710192773643,1146,HTTP Request,400,Bad Request,test1 3-3,text,false,,547,325,86,212,https://localhost:7221/api/v1/User/register,1146,0,0
1710192769903,4895,HTTP Request,400,Bad Request,test1 3-35,text,false,,449,331,85,211,https://localhost:7221/api/v1/User/register,4895,0,2780
1710192773915,991,HTTP Request,400,Bad Request,test1 3-30,text,false,,547,325,85,214,https://localhost:7221/api/v1/User/register,991,0,0
1710192773915,991,HTTP Request,400,Bad Request,test1 3-26,text,false,,547,325,85,214,https://localhost:7221/api/v1/User/register,991,0,0
1710192769853,5053,HTTP Request,400,Bad Request,test1 3-34,text,false,,449,331,85,214,https://localhost:7221/api/v1/User/register,5053,0,2850
1710192770054,4852,HTTP Request,400,Bad Request,test1 3-38,text,false,,449,331,83,212,https://localhost:7221/api/v1/User/register,4852,0,3064
1710192770154,4779,HTTP Request,400,Bad Request,test1 3-40,text,false,,449,331,83,213,https://localhost:7221/api/v1/User/register,4779,0,3107
1710192774427,519,HTTP Request,400,Bad Request,test1 3-36,text,false,,547,325,83,213,https://localhost:7221/api/v1/User/register,519,0,0
1710192773964,989,HTTP Request,400,Bad Request,test1 3-33,text,false,,547,325,82,212,https://localhost:7221/api/v1/User/register,989,0,0
1710192770004,4949,HTTP Request,400,Bad Request,test1 3-37,text,false,,449,331,82,212,https://localhost:7221/api/v1/User/register,4949,0,3161
1710192774798,454,HTTP Request,400,Bad Request,test1 3-35,text,false,,547,324,81,217,https://localhost:7221/api/v1/User/register,454,0,0
1710192770503,4749,HTTP Request,400,Bad Request,test1 3-47,text,false,,449,331,81,217,https://localhost:7221/api/v1/User/register,4749,0,3047
1710192770104,5189,HTTP Request,400,Bad Request,test1 3-39,text,false,,449,331,80,216,https://localhost:7221/api/v1/User/register,5189,0,3094
1710192770204,5270,HTTP Request,400,Bad Request,test1 3-41,text,false,,449,331,80,221,https://localhost:7221/api/v1/User/register,5270,0,3409
1710192770604,4872,HTTP Request,400,Bad Request,test1 3-49,text,false,,449,331,80,221,https://localhost:7221/api/v1/User/register,4872,0,3009
1710192774933,583,HTTP Request,400,Bad Request,test1 3-40,text,false,,547,324,80,221,https://localhost:7221/api/v1/User/register,583,0,0
1710192770253,5378,HTTP Request,400,Bad Request,test1 3-42,text,false,,449,331,79,222,https://localhost:7221/api/v1/User/register,5378,0,3325
1710192774906,726,HTTP Request,400,Bad Request,test1 3-38,text,false,,547,324,79,222,https://localhost:7221/api/v1/User/register,726,0,0
1710192774906,727,HTTP Request,400,Bad Request,test1 3-34,text,false,,547,324,78,221,https://localhost:7221/api/v1/User/register,727,0,0
1710192770453,5180,HTTP Request,400,Bad Request,test1 3-46,text,false,,449,331,78,221,https://localhost:7221/api/v1/User/register,5180,0,3125
1710192770304,5546,HTTP Request,400,Bad Request,test1 3-43,text,false,,449,331,77,225,https://localhost:7221/api/v1/User/register,5546,0,3246
1710192775252,626,HTTP Request,400,Bad Request,test1 3-47,text,false,,547,324,77,225,https://localhost:7221/api/v1/User/register,626,0,0
1710192774953,1256,HTTP Request,400,Bad Request,test1 3-37,text,false,,547,324,76,230,https://localhost:7221/api/v1/User/register,1256,0,0
1710192770404,5806,HTTP Request,400,Bad Request,test1 3-45,text,false,,449,331,75,229,https://localhost:7221/api/v1/User/register,5806,0,3209
1710192775475,735,HTTP Request,400,Bad Request,test1 3-41,text,false,,547,324,75,229,https://localhost:7221/api/v1/User/register,735,0,0
1710192770354,6052,HTTP Request,400,Bad Request,test1 3-44,text,false,,449,331,74,232,https://localhost:7221/api/v1/User/register,6052,0,3372
1710192775293,1157,HTTP Request,400,Bad Request,test1 3-39,text,false,,547,324,74,234,https://localhost:7221/api/v1/User/register,1157,0,0
1710192770703,5748,HTTP Request,400,Bad Request,test1 3-51,text,false,,449,331,74,234,https://localhost:7221/api/v1/User/register,5748,0,3437
1710192770654,6120,HTTP Request,400,Bad Request,test1 3-50,text,false,,449,331,73,238,https://localhost:7221/api/v1/User/register,6120,0,3865
1710192775631,1143,HTTP Request,400,Bad Request,test1 3-42,text,false,,547,324,73,238,https://localhost:7221/api/v1/User/register,1143,0,0
1710192775633,1141,HTTP Request,400,Bad Request,test1 3-46,text,false,,547,324,73,238,https://localhost:7221/api/v1/User/register,1141,0,0
1710192775850,1128,HTTP Request,400,Bad Request,test1 3-43,text,false,,547,324,71,240,https://localhost:7221/api/v1/User/register,1128,0,0
1710192770904,6075,HTTP Request,400,Bad Request,test1 3-55,text,false,,449,331,70,239,https://localhost:7221/api/v1/User/register,6075,0,3895
1710192775476,1504,HTTP Request,400,Bad Request,test1 3-49,text,false,,547,324,70,239,https://localhost:7221/api/v1/User/register,1504,0,0
1710192770803,6178,HTTP Request,400,Bad Request,test1 3-53,text,false,,449,331,69,238,https://localhost:7221/api/v1/User/register,6177,0,3895
1710192776209,771,HTTP Request,400,Bad Request,test1 3-45,text,false,,547,324,69,238,https://localhost:7221/api/v1/User/register,771,0,0
1710192770553,6489,HTTP Request,400,Bad Request,test1 3-48,text,false,,449,331,68,238,https://localhost:7221/api/v1/User/register,6489,0,3173
1710192770853,6632,HTTP Request,400,Bad Request,test1 3-54,text,false,,449,331,68,246,https://localhost:7221/api/v1/User/register,6632,0,3666
1710192771053,6434,HTTP Request,400,Bad Request,test1 3-58,text,false,,449,331,68,246,https://localhost:7221/api/v1/User/register,6434,0,3854
1710192776773,713,HTTP Request,400,Bad Request,test1 3-50,text,false,,547,324,68,246,https://localhost:7221/api/v1/User/register,713,0,0
1710192776980,622,HTTP Request,400,Bad Request,test1 3-53,text,false,,547,324,67,247,https://localhost:7221/api/v1/User/register,622,0,0
1710192776406,1222,HTTP Request,400,Bad Request,test1 3-44,text,false,,547,324,66,246,https://localhost:7221/api/v1/User/register,1222,0,0
1710192777041,588,HTTP Request,400,Bad Request,test1 3-48,text,false,,547,324,65,244,https://localhost:7221/api/v1/User/register,588,0,0
1710192776450,1195,HTTP Request,400,Bad Request,test1 3-51,text,false,,547,324,64,244,https://localhost:7221/api/v1/User/register,1195,0,0
1710192776979,735,HTTP Request,400,Bad Request,test1 3-55,text,false,,547,324,63,243,https://localhost:7221/api/v1/User/register,735,0,0
1710192771105,6611,HTTP Request,400,Bad Request,test1 3-59,text,false,,449,331,63,243,https://localhost:7221/api/v1/User/register,6611,0,4147
1710192771254,7022,HTTP Request,400,Bad Request,test1 3-62,text,false,,449,331,62,253,https://localhost:7221/api/v1/User/register,7022,0,4378
1710192777484,791,HTTP Request,400,Bad Request,test1 3-54,text,false,,547,324,62,253,https://localhost:7221/api/v1/User/register,791,0,0
1710192777486,790,HTTP Request,400,Bad Request,test1 3-58,text,false,,547,324,61,252,https://localhost:7221/api/v1/User/register,790,0,0
1710192770954,7677,HTTP Request,200,OK,test1 3-56,text,true,,393,331,60,254,https://localhost:7221/api/v1/User/register,7677,0,3992
1710192770753,7879,HTTP Request,400,Bad Request,test1 3-52,text,false,,449,331,60,254,https://localhost:7221/api/v1/User/register,7879,0,3816
1710192771403,7363,HTTP Request,400,Bad Request,test1 3-65,text,false,,449,331,60,256,https://localhost:7221/api/v1/User/register,7363,0,4807
1710192778631,855,HTTP Request,400,Bad Request,test1 3-52,text,false,,547,324,60,261,https://localhost:7221/api/v1/User/register,855,0,0
1710192778275,1256,HTTP Request,400,Bad Request,test1 3-62,text,false,,547,324,59,260,https://localhost:7221/api/v1/User/register,1256,0,0
1710192777715,1948,HTTP Request,400,Bad Request,test1 3-59,text,false,,547,324,58,262,https://localhost:7221/api/v1/User/register,1948,0,0
1710192771504,8161,HTTP Request,400,Bad Request,test1 3-67,text,false,,449,331,57,261,https://localhost:7221/api/v1/User/register,8160,0,5475
1710192771153,8789,HTTP Request,400,Bad Request,test1 3-60,text,false,,449,331,57,262,https://localhost:7221/api/v1/User/register,8789,0,4320
1710192778630,1311,HTTP Request,400,Bad Request,test1 3-56,text,false,,547,324,57,262,https://localhost:7221/api/v1/User/register,1311,0,0
1710192771553,8390,HTTP Request,400,Bad Request,test1 3-68,text,false,,449,331,56,261,https://localhost:7221/api/v1/User/register,8390,0,5489
1710192771003,8989,HTTP Request,200,OK,test1 3-57,text,true,,393,331,56,262,https://localhost:7221/api/v1/User/register,8989,0,4471
1710192771204,8788,HTTP Request,200,OK,test1 3-61,text,true,,393,331,56,262,https://localhost:7221/api/v1/User/register,8788,0,5005
1710192778765,1226,HTTP Request,400,Bad Request,test1 3-65,text,false,,547,324,56,262,https://localhost:7221/api/v1/User/register,1226,0,0
1710192771303,9029,HTTP Request,400,Bad Request,test1 3-63,text,false,,449,331,55,265,https://localhost:7221/api/v1/User/register,9029,0,5147
1710192771454,9809,HTTP Request,200,OK,test1 3-66,text,true,,393,331,55,274,https://localhost:7221/api/v1/User/register,9809,0,5320
1710192771853,9411,HTTP Request,400,Bad Request,test1 3-74,text,false,,449,331,55,274,https://localhost:7221/api/v1/User/register,9411,0,5634
1710192779664,1795,HTTP Request,400,Bad Request,test1 3-67,text,false,,547,324,55,276,https://localhost:7221/api/v1/User/register,1795,0,0
1710192771754,10049,HTTP Request,400,Bad Request,test1 3-72,text,false,,449,331,54,277,https://localhost:7221/api/v1/User/register,10049,0,5876
1710192779941,1861,HTTP Request,400,Bad Request,test1 3-60,text,false,,547,324,54,277,https://localhost:7221/api/v1/User/register,1861,0,0
1710192779942,1861,HTTP Request,400,Bad Request,test1 3-68,text,false,,547,324,54,277,https://localhost:7221/api/v1/User/register,1861,0,0
1710192771603,10234,HTTP Request,400,Bad Request,test1 3-69,text,false,,449,331,52,275,https://localhost:7221/api/v1/User/register,10234,0,5378
1710192779991,1857,HTTP Request,400,Bad Request,test1 3-57,text,false,,547,324,52,276,https://localhost:7221/api/v1/User/register,1857,0,0
1710192779991,1857,HTTP Request,400,Bad Request,test1 3-61,text,false,,547,324,52,276,https://localhost:7221/api/v1/User/register,1857,0,0
1710192771653,11043,HTTP Request,400,Bad Request,test1 3-70,text,false,,449,331,50,282,https://localhost:7221/api/v1/User/register,11043,0,5833
1710192768457,14239,HTTP Request,400,Bad Request,test1 3-6,text,false,,443,328,50,282,https://localhost:7221/api/v1/User/register,14239,0,146
1710192772054,10643,HTTP Request,400,Bad Request,test1 3-78,text,false,,449,331,50,282,https://localhost:7221/api/v1/User/register,10643,0,6223
1710192781263,1434,HTTP Request,400,Bad Request,test1 3-66,text,false,,547,324,50,282,https://localhost:7221/api/v1/User/register,1434,0,0
1710192771353,11461,HTTP Request,400,Bad Request,test1 3-64,text,false,,449,331,49,281,https://localhost:7221/api/v1/User/register,11461,0,5164
1710192772104,10800,HTTP Request,400,Bad Request,test1 3-79,text,false,,449,331,49,281,https://localhost:7221/api/v1/User/register,10800,0,6651
1710192772704,10201,HTTP Request,400,Bad Request,test1 3-91,text,false,,547,326,49,281,https://localhost:7221/api/v1/User/register,10200,0,8756
1710192772905,10000,HTTP Request,400,Bad Request,test1 3-95,text,false,,547,326,49,281,https://localhost:7221/api/v1/User/register,10000,0,8555
1710192781803,1311,HTTP Request,400,Bad Request,test1 3-72,text,false,,547,324,49,283,https://localhost:7221/api/v1/User/register,1311,0,0
1710192772754,10360,HTTP Request,400,Bad Request,test1 3-92,text,false,,547,326,49,283,https://localhost:7221/api/v1/User/register,10360,0,9049
1710192772955,10159,HTTP Request,400,Bad Request,test1 3-96,text,false,,547,326,49,283,https://localhost:7221/api/v1/User/register,10159,0,8848
1710192772203,10936,HTTP Request,400,Bad Request,test1 3-81,text,false,,449,331,48,282,https://localhost:7221/api/v1/User/register,10936,0,6562
1710192781837,1302,HTTP Request,400,Bad Request,test1 3-69,text,false,,547,324,48,282,https://localhost:7221/api/v1/User/register,1302,0,0
1710192772804,10337,HTTP Request,400,Bad Request,test1 3-93,text,false,,547,326,47,281,https://localhost:7221/api/v1/User/register,10336,0,9048
1710192780332,2847,HTTP Request,400,Bad Request,test1 3-63,text,false,,547,324,47,281,https://localhost:7221/api/v1/User/register,2847,0,0
1710192771903,11278,HTTP Request,400,Bad Request,test1 3-75,text,false,,449,331,46,280,https://localhost:7221/api/v1/User/register,11278,0,6510
1710192772655,10859,HTTP Request,400,Bad Request,test1 3-90,text,false,,547,326,46,283,https://localhost:7221/api/v1/User/register,10859,0,8609
1710192772855,10659,HTTP Request,400,Bad Request,test1 3-94,text,false,,547,326,46,283,https://localhost:7221/api/v1/User/register,10659,0,8409
1710192781264,2250,HTTP Request,400,Bad Request,test1 3-74,text,false,,547,324,46,283,https://localhost:7221/api/v1/User/register,2250,0,0
1710192782696,818,HTTP Request,400,Bad Request,test1 3-6,text,false,,547,324,46,283,https://localhost:7221/api/v1/User/register,818,0,0
1710192782697,819,HTTP Request,400,Bad Request,test1 3-78,text,false,,547,324,44,281,https://localhost:7221/api/v1/User/register,819,0,0
1710192782696,820,HTTP Request,400,Bad Request,test1 3-70,text,false,,547,324,43,280,https://localhost:7221/api/v1/User/register,820,0,0
1710192771953,11697,HTTP Request,400,Bad Request,test1 3-76,text,false,,449,331,42,281,https://localhost:7221/api/v1/User/register,11697,0,5764
1710192768954,14696,HTTP Request,400,Bad Request,test1 3-16,text,false,,449,331,42,281,https://localhost:7221/api/v1/User/register,14696,0,1338
1710192773155,10496,HTTP Request,400,Bad Request,test1 3-100,text,false,,547,325,42,281,https://localhost:7221/api/v1/User/register,10496,0,9662
1710192782905,915,HTTP Request,400,Bad Request,test1 3-91,text,false,,547,324,42,281,https://localhost:7221/api/v1/User/register,915,0,0
1710192782905,915,HTTP Request,400,Bad Request,test1 3-95,text,false,,547,324,42,281,https://localhost:7221/api/v1/User/register,915,0,0
1710192782904,918,HTTP Request,400,Bad Request,test1 3-79,text,false,,547,324,40,279,https://localhost:7221/api/v1/User/register,918,0,0
1710192773004,10904,HTTP Request,400,Bad Request,test1 3-97,text,false,,547,326,39,280,https://localhost:7221/api/v1/User/register,10904,0,8848
1710192772003,11906,HTTP Request,400,Bad Request,test1 3-77,text,false,,449,331,39,280,https://localhost:7221/api/v1/User/register,11906,0,6763
1710192783139,771,HTTP Request,400,Bad Request,test1 3-81,text,false,,547,325,39,280,https://localhost:7221/api/v1/User/register,771,0,0
1710192783141,769,HTTP Request,400,Bad Request,test1 3-93,text,false,,547,324,39,280,https://localhost:7221/api/v1/User/register,769,0,0
1710192783181,966,HTTP Request,400,Bad Request,test1 3-75,text,false,,547,325,37,279,https://localhost:7221/api/v1/User/register,966,0,0
1710192773105,11043,HTTP Request,400,Bad Request,test1 3-99,text,false,,547,326,36,278,https://localhost:7221/api/v1/User/register,11043,0,10075
1710192772153,12034,HTTP Request,400,Bad Request,test1 3-80,text,false,,449,331,36,279,https://localhost:7221/api/v1/User/register,12034,0,6478
1710192783114,1074,HTTP Request,400,Bad Request,test1 3-92,text,false,,547,324,36,278,https://localhost:7221/api/v1/User/register,1074,0,0
1710192783114,1075,HTTP Request,400,Bad Request,test1 3-96,text,false,,547,324,35,277,https://localhost:7221/api/v1/User/register,1075,0,0
1710192773055,11695,HTTP Request,400,Bad Request,test1 3-98,text,false,,547,326,34,280,https://localhost:7221/api/v1/User/register,11695,0,9644
1710192783514,1239,HTTP Request,400,Bad Request,test1 3-94,text,false,,547,324,34,279,https://localhost:7221/api/v1/User/register,1239,0,0
1710192783514,1240,HTTP Request,400,Bad Request,test1 3-90,text,false,,547,325,33,278,https://localhost:7221/api/v1/User/register,1240,0,0
1710192782815,2097,HTTP Request,400,Bad Request,test1 3-64,text,false,,547,324,32,279,https://localhost:7221/api/v1/User/register,2097,0,0
1710192783650,1262,HTTP Request,400,Bad Request,test1 3-16,text,false,,547,324,32,279,https://localhost:7221/api/v1/User/register,1262,0,0
1710192783650,1262,HTTP Request,400,Bad Request,test1 3-76,text,false,,547,325,32,279,https://localhost:7221/api/v1/User/register,1262,0,0
1710192783651,1263,HTTP Request,400,Bad Request,test1 3-100,text,false,,547,325,29,276,https://localhost:7221/api/v1/User/register,1263,0,0
1710192772304,12728,HTTP Request,400,Bad Request,test1 3-83,text,false,,449,331,28,275,https://localhost:7221/api/v1/User/register,12728,0,7360
1710192771913,13161,HTTP Request,400,Bad Request,test1 3-21,text,false,,449,331,28,277,https://localhost:7221/api/v1/User/register,13161,0,0
1710192772504,12694,HTTP Request,400,Bad Request,test1 3-87,text,false,,449,331,27,276,https://localhost:7221/api/v1/User/register,12694,0,6647
1710192784149,1056,HTTP Request,400,Bad Request,test1 3-99,text,false,,547,324,27,276,https://localhost:7221/api/v1/User/register,1056,0,0
1710192772355,12899,HTTP Request,400,Bad Request,test1 3-84,text,false,,449,331,26,276,https://localhost:7221/api/v1/User/register,12899,0,7587
1710192784187,1068,HTTP Request,400,Bad Request,test1 3-80,text,false,,547,324,26,276,https://localhost:7221/api/v1/User/register,1068,0,0
1710192768757,16498,HTTP Request,400,Bad Request,test1 3-12,text,false,,449,331,26,276,https://localhost:7221/api/v1/User/register,16498,0,802
1710192772255,13674,HTTP Request,400,Bad Request,test1 3-82,text,false,,449,331,25,280,https://localhost:7221/api/v1/User/register,13674,0,7277
1710192784750,1181,HTTP Request,400,Bad Request,test1 3-98,text,false,,547,324,25,280,https://localhost:7221/api/v1/User/register,1181,0,0
1710192772554,13527,HTTP Request,400,Bad Request,test1 3-88,text,false,,449,331,24,281,https://localhost:7221/api/v1/User/register,13527,0,6933
1710192771703,14481,HTTP Request,400,Bad Request,test1 3-71,text,false,,449,331,24,280,https://localhost:7221/api/v1/User/register,14481,0,6012
1710192783909,2518,HTTP Request,400,Bad Request,test1 3-97,text,false,,547,325,24,283,https://localhost:7221/api/v1/User/register,2518,0,0
1710192783909,2518,HTTP Request,400,Bad Request,test1 3-77,text,false,,547,325,24,283,https://localhost:7221/api/v1/User/register,2518,0,0
1710192785198,1479,HTTP Request,400,Bad Request,test1 3-87,text,false,,547,324,22,283,https://localhost:7221/api/v1/User/register,1479,0,0
1710192785255,1547,HTTP Request,400,Bad Request,test1 3-84,text,false,,547,324,21,283,https://localhost:7221/api/v1/User/register,1547,0,0
1710192785255,1548,HTTP Request,400,Bad Request,test1 3-12,text,false,,547,324,20,282,https://localhost:7221/api/v1/User/register,1548,0,0
1710192785929,1234,HTTP Request,400,Bad Request,test1 3-82,text,false,,547,324,19,285,https://localhost:7221/api/v1/User/register,1234,0,0
1710192785032,2234,HTTP Request,400,Bad Request,test1 3-83,text,false,,547,324,18,285,https://localhost:7221/api/v1/User/register,2234,0,0
1710192786184,1082,HTTP Request,400,Bad Request,test1 3-71,text,false,,547,324,17,284,https://localhost:7221/api/v1/User/register,1082,0,0
1710192786081,2183,HTTP Request,400,Bad Request,test1 3-88,text,false,,547,324,16,292,https://localhost:7221/api/v1/User/register,2183,0,0
1710192772605,15662,HTTP Request,400,Bad Request,test1 3-89,text,false,,449,331,15,290,https://localhost:7221/api/v1/User/register,15662,0,7387
1710192772404,15864,HTTP Request,400,Bad Request,test1 3-85,text,false,,449,331,15,290,https://localhost:7221/api/v1/User/register,15864,0,7588
1710192772454,15860,HTTP Request,400,Bad Request,test1 3-86,text,false,,449,331,15,287,https://localhost:7221/api/v1/User/register,15860,0,7078
1710192788314,1194,HTTP Request,400,Bad Request,test1 3-86,text,false,,547,324,15,289,https://localhost:7221/api/v1/User/register,1194,0,0
1710192788267,1852,HTTP Request,400,Bad Request,test1 3-89,text,false,,547,324,14,291,https://localhost:7221/api/v1/User/register,1852,0,0
1710192788268,1851,HTTP Request,400,Bad Request,test1 3-85,text,false,,547,324,14,291,https://localhost:7221/api/v1/User/register,1851,0,0
1710192771415,122551,HTTP Request,400,Bad Request,test1 3-17,text,false,,449,331,12,39,https://localhost:7221/api/v1/User/register,122551,0,0
1710192771804,122586,HTTP Request,400,Bad Request,test1 3-73,text,false,,449,331,11,37,https://localhost:7221/api/v1/User/register,122586,0,5799
1710192768808,125588,HTTP Request,400,Bad Request,test1 3-13,text,false,,449,331,11,37,https://localhost:7221/api/v1/User/register,125588,0,955
1710192894389,455,HTTP Request,400,Bad Request,test1 3-73,text,false,,547,324,11,37,https://localhost:7221/api/v1/User/register,453,0,310
1710192894395,511,HTTP Request,400,Bad Request,test1 3-13,text,false,,547,324,10,36,https://localhost:7221/api/v1/User/register,511,0,367
1710192768555,127847,HTTP Request,400,Bad Request,test1 3-8,text,false,,443,328,9,35,https://localhost:7221/api/v1/User/register,127847,0,413
1710192896401,308,HTTP Request,400,Bad Request,test1 3-8,text,false,,547,324,9,34,https://localhost:7221/api/v1/User/register,308,0,102
1710192768856,128561,HTTP Request,400,Bad Request,test1 3-14,text,false,,449,331,8,32,https://localhost:7221/api/v1/User/register,128561,0,1253
1710192897416,284,HTTP Request,400,Bad Request,test1 3-14,text,false,,547,324,8,30,https://localhost:7221/api/v1/User/register,282,0,128
1710192768404,129861,HTTP Request,400,Bad Request,test1 3-5,text,false,,443,328,7,29,https://localhost:7221/api/v1/User/register,129860,0,169
1710192898265,155,HTTP Request,400,Bad Request,test1 3-5,text,false,,547,324,7,29,https://localhost:7221/api/v1/User/register,155,0,43
1710192768550,129990,HTTP Request,400,Bad Request,test1 3-1,text,false,,443,328,6,28,https://localhost:7221/api/v1/User/register,129989,0,0
1710192768905,131071,HTTP Request,400,Bad Request,test1 3-15,text,false,,449,331,5,25,https://localhost:7221/api/v1/User/register,131071,0,1387
1710192899975,162,HTTP Request,400,Bad Request,test1 3-15,text,false,,547,324,5,25,https://localhost:7221/api/v1/User/register,162,0,40
1710192768505,132212,HTTP Request,400,Bad Request,test1 3-7,text,false,,443,328,4,24,https://localhost:7221/api/v1/User/register,132212,0,299
1710192900716,169,HTTP Request,400,Bad Request,test1 3-7,text,false,,547,324,4,24,https://localhost:7221/api/v1/User/register,169,0,28
1710192769254,133409,HTTP Request,400,Bad Request,test1 3-22,text,false,,449,331,3,18,https://localhost:7221/api/v1/User/register,133409,0,1826
1710192768705,134147,HTTP Request,400,Bad Request,test1 3-11,text,false,,449,331,3,16,https://localhost:7221/api/v1/User/register,134147,0,630
1710192902663,291,HTTP Request,400,Bad Request,test1 3-22,text,false,,547,324,3,16,https://localhost:7221/api/v1/User/register,291,0,142
1710192768259,134746,HTTP Request,400,Bad Request,test1 3-2,text,false,,443,328,2,15,https://localhost:7221/api/v1/User/register,134746,0,182
1710192902852,181,HTTP Request,400,Bad Request,test1 3-11,text,false,,547,324,2,15,https://localhost:7221/api/v1/User/register,181,0,61
1710192903006,366,HTTP Request,400,Bad Request,test1 3-2,text,false,,547,324,1,14,https://localhost:7221/api/v1/User/register,366,0,63
